company_name,category,positioning,starting_price,aggregated_rating,review_count,what_it_does_well_1,what_it_does_well_2,what_it_does_well_3,what_it_does_well_4,gap_1,gap_2,best_for,website_url,source_url,last_updated,days_since_update,top_lexical_kw,top_semantic_kw,top_intent_kw,secondary_keywords_json
TaskForge,Project Management Software,"All-in-one workspace combining docs, tasks, and chat",$0 (free tier),3.9,1171,Strong automation rules for recurring workflows,Good reporting/dashboards out of the box,Custom fields and templates speed up setup,Intuitive drag-and-drop board interface,Steep learning curve for advanced automation features,Occasional lag with very large projects (1000+ tasks),Organizations that need an easy setup and strong integrations,https://www.taskforge.com,https://www.taskforge.com/pricing,2026-08-18,7,TaskForge pricing,resource allocation,project management software for small teams,"[{""keyword"": ""TaskForge pricing"", ""relationship_type"": ""lexical"", ""intent_stage"": ""commercial_investigation"", ""similarity_score"": 0.96}, {""keyword"": ""project management tool"", ""relationship_type"": ""lexical"", ""intent_stage"": ""commercial_investigation"", ""similarity_score"": 0.93}, {""keyword"": ""TaskForge reviews"", ""relationship_type"": ""lexical"", ""intent_stage"": ""comparison"", ""similarity_score"": 0.93}, {""keyword"": ""task management software"", ""relationship_type"": ""lexical"", ""intent_stage"": ""commercial_investigation"", ""similarity_score"": 0.9}, {""keyword"": ""work management software"", ""relationship_type"": ""lexical"", ""intent_stage"": ""commercial_investigation"", ""similarity_score"": 0.88}, {""keyword"": ""resource allocation"", ""relationship_type"": ""semantic"", ""intent_stage"": ""informational"", ""similarity_score"": 0.8}, {""keyword"": ""team collaboration workflow"", ""relationship_type"": ""semantic"", ""intent_stage"": ""informational"", ""similarity_score"": 0.8}, {""keyword"": ""project management software for small teams"", ""relationship_type"": ""intent"", ""intent_stage"": ""commercial_investigation"", ""similarity_score"": 0.79}, {""keyword"": ""best project management software"", ""relationship_type"": ""intent"", ""intent_stage"": ""comparison"", ""similarity_score"": 0.63}, {""keyword"": ""workload tracking"", ""relationship_type"": ""semantic"", ""intent_stage"": ""informational"", ""similarity_score"": 0.62}, {""keyword"": ""project management tool pricing comparison"", ""relationship_type"": ""intent"", ""intent_stage"": ""comparison"", ""similarity_score"": 0.59}]"
Pivotly,Project Management Software,Visual task boards for cross-functional teams,$12/user/mo,4.0,1453,Solid mobile app for on-the-go updates,"Deep integrations with Slack, Google Workspace, and Zoom",Intuitive drag-and-drop board interface,"Flexible views (list, board, timeline, calendar)",Steep learning curve for advanced automation features,Reporting customization is limited on lower-tier plans,Teams that need flexible pricing without a long implementation cycle,https://www.pivotly.com,https://www.pivotly.com/pricing,2026-03-18,160,task management software,sprint planning,project management software for small teams,"[{""keyword"": ""task management software"", ""relationship_type"": ""lexical"", ""intent_stage"": ""commercial_investigation"", ""similarity_score"": 0.95}, {""keyword"": ""Pivotly pricing"", ""relationship_type"": ""lexical"", ""intent_stage"": ""commercial_investigation"", ""similarity_score"": 0.93}, {""keyword"": ""project management tool"", ""relationship_type"": ""lexical"", ""intent_stage"": ""commercial_investigation"", ""similarity_score"": 0.9}, {""keyword"": ""Pivotly reviews"", ""relationship_type"": ""lexical"", ""intent_stage"": ""comparison"", ""similarity_score"": 0.89}, {""keyword"": ""work management software"", ""relationship_type"": ""lexical"", ""intent_stage"": ""commercial_investigation"", ""similarity_score"": 0.88}, {""keyword"": ""sprint planning"", ""relationship_type"": ""semantic"", ""intent_stage"": ""informational"", ""similarity_score"": 0.76}, {""keyword"": ""project management software for small teams"", ""relationship_type"": ""intent"", ""intent_stage"": ""commercial_investigation"", ""similarity_score"": 0.73}, {""keyword"": ""best project management software"", ""relationship_type"": ""intent"", ""intent_stage"": ""comparison"", ""similarity_score"": 0.72}, {""keyword"": ""how to choose project management software"", ""relationship_type"": ""intent"", ""intent_stage"": ""informational"", ""similarity_score"": 0.72}, {""keyword"": ""workload tracking"", ""relationship_type"": ""semantic"", ""intent_stage"": ""informational"", ""similarity_score"": 0.7}, {""keyword"": ""resource allocation"", ""relationship_type"": ""semantic"", ""intent_stage"": ""informational"", ""similarity_score"": 0.68}]"
Flowtrack,Project Management Software,Visual task boards for cross-functional teams,$15/user/mo,4.5,2232,Custom fields and templates speed up setup,Strong automation rules for recurring workflows,Good reporting/dashboards out of the box,"Flexible views (list, board, timeline, calendar)",Mobile app lacks some desktop functionality,Reporting customization is limited on lower-tier plans,Buyers who value great support more than rock-bottom pricing,https://www.flowtrack.com,https://www.flowtrack.com/pricing,2026-03-03,175,task management software,sprint planning,best project management software,"[{""keyword"": ""task management software"", ""relationship_type"": ""lexical"", ""intent_stage"": ""commercial_investigation"", ""similarity_score"": 0.96}, {""keyword"": ""project management tool"", ""relationship_type"": ""lexical"", ""intent_stage"": ""commercial_investigation"", ""similarity_score"": 0.96}, {""keyword"": ""Flowtrack reviews"", ""relationship_type"": ""lexical"", ""intent_stage"": ""comparison"", ""similarity_score"": 0.96}, {""keyword"": ""work management software"", ""relationship_type"": ""lexical"", ""intent_stage"": ""commercial_investigation"", ""similarity_score"": 0.92}, {""keyword"": ""Flowtrack pricing"", ""relationship_type"": ""lexical"", ""intent_stage"": ""commercial_investigation"", ""similarity_score"": 0.91}, {""keyword"": ""sprint planning"", ""relationship_type"": ""semantic"", ""intent_stage"": ""informational"", ""similarity_score"": 0.82}, {""keyword"": ""best project management software"", ""relationship_type"": ""intent"", ""intent_stage"": ""comparison"", ""similarity_score"": 0.74}, {""keyword"": ""project management tool pricing comparison"", ""relationship_type"": ""intent"", ""intent_stage"": ""comparison"", ""similarity_score"": 0.74}, {""keyword"": ""resource allocation"", ""relationship_type"": ""semantic"", ""intent_stage"": ""informational"", ""similarity_score"": 0.72}, {""keyword"": ""team collaboration workflow"", ""relationship_type"": ""semantic"", ""intent_stage"": ""informational"", ""similarity_score"": 0.71}, {""keyword"": ""how to choose project management software"", ""relationship_type"": ""intent"", ""intent_stage"": ""informational"", ""similarity_score"": 0.68}]"
Sprintline,Project Management Software,Gantt-first planning for agencies and client work,$15/user/mo,4.3,943,Strong automation rules for recurring workflows,Solid mobile app for on-the-go updates,"Flexible views (list, board, timeline, calendar)",Intuitive drag-and-drop board interface,Steep learning curve for advanced automation features,Mobile app lacks some desktop functionality,Growing companies that want clean reporting as they scale,https://www.sprintline.com,https://www.sprintline.com/pricing,2026-03-04,174,task management software,sprint planning,project management software for small teams,"[{""keyword"": ""task management software"", ""relationship_type"": ""lexical"", ""intent_stage"": ""commercial_investigation"", ""similarity_score"": 0.94}, {""keyword"": ""project management tool"", ""relationship_type"": ""lexical"", ""intent_stage"": ""commercial_investigation"", ""similarity_score"": 0.93}, {""keyword"": ""Sprintline reviews"", ""relationship_type"": ""lexical"", ""intent_stage"": ""comparison"", ""similarity_score"": 0.93}, {""keyword"": ""work management software"", ""relationship_type"": ""lexical"", ""intent_stage"": ""commercial_investigation"", ""similarity_score"": 0.92}, {""keyword"": ""Sprintline pricing"", ""relationship_type"": ""lexical"", ""intent_stage"": ""commercial_investigation"", ""similarity_score"": 0.92}, {""keyword"": ""project management software for small teams"", ""relationship_type"": ""intent"", ""intent_stage"": ""commercial_investigation"", ""similarity_score"": 0.79}, {""keyword"": ""sprint planning"", ""relationship_type"": ""semantic"", ""intent_stage"": ""informational"", ""similarity_score"": 0.77}, {""keyword"": ""team collaboration workflow"", ""relationship_type"": ""semantic"", ""intent_stage"": ""informational"", ""similarity_score"": 0.74}, {""keyword"": ""workload tracking"", ""relationship_type"": ""semantic"", ""intent_stage"": ""informational"", ""similarity_score"": 0.68}, {""keyword"": ""best project management software"", ""relationship_type"": ""intent"", ""intent_stage"": ""comparison"", ""similarity_score"": 0.66}, {""keyword"": ""how to choose project management software"", ""relationship_type"": ""intent"", ""intent_stage"": ""informational"", ""similarity_score"": 0.66}]"
Basecrate,Project Management Software,"All-in-one workspace combining docs, tasks, and chat",$9/user/mo,4.9,3165,Strong automation rules for recurring workflows,Solid mobile app for on-the-go updates,Intuitive drag-and-drop board interface,"Deep integrations with Slack, Google Workspace, and Zoom",Reporting customization is limited on lower-tier plans,Steep learning curve for advanced automation features,Small teams prioritizing clean reporting over deep customization,https://www.basecrate.com,https://www.basecrate.com/pricing,2026-04-09,138,Basecrate pricing,sprint planning,best project management software,"[{""keyword"": ""Basecrate pricing"", ""relationship_type"": ""lexical"", ""intent_stage"": ""commercial_investigation"", ""similarity_score"": 0.99}, {""keyword"": ""Basecrate reviews"", ""relationship_type"": ""lexical"", ""intent_stage"": ""comparison"", ""similarity_score"": 0.95}, {""keyword"": ""project management tool"", ""relationship_type"": ""lexical"", ""intent_stage"": ""commercial_investigation"", ""similarity_score"": 0.93}, {""keyword"": ""project management platform"", ""relationship_type"": ""lexical"", ""intent_stage"": ""commercial_investigation"", ""similarity_score"": 0.92}, {""keyword"": ""task management software"", ""relationship_type"": ""lexical"", ""intent_stage"": ""commercial_investigation"", ""similarity_score"": 0.89}, {""keyword"": ""sprint planning"", ""relationship_type"": ""semantic"", ""intent_stage"": ""informational"", ""similarity_score"": 0.83}, {""keyword"": ""resource allocation"", ""relationship_type"": ""semantic"", ""intent_stage"": ""informational"", ""similarity_score"": 0.81}, {""keyword"": ""best project management software"", ""relationship_type"": ""intent"", ""intent_stage"": ""comparison"", ""similarity_score"": 0.69}, {""keyword"": ""how to choose project management software"", ""relationship_type"": ""intent"", ""intent_stage"": ""informational"", ""similarity_score"": 0.67}, {""keyword"": ""team collaboration workflow"", ""relationship_type"": ""semantic"", ""intent_stage"": ""informational"", ""similarity_score"": 0.64}, {""keyword"": ""project management tool pricing comparison"", ""relationship_type"": ""intent"", ""intent_stage"": ""comparison"", ""similarity_score"": 0.58}]"
Milestone IQ,Project Management Software,"Lightweight PM tool built for small, fast-moving teams",$15/user/mo,4.8,1778,Strong automation rules for recurring workflows,Solid mobile app for on-the-go updates,Good reporting/dashboards out of the box,"Deep integrations with Slack, Google Workspace, and Zoom",Mobile app lacks some desktop functionality,Occasional lag with very large projects (1000+ tasks),Small teams prioritizing a polished user experience over deep customization,https://www.milestoneiq.com,https://www.milestoneiq.com/pricing,2026-04-15,132,task management software,team collaboration workflow,project management tool pricing comparison,"[{""keyword"": ""task management software"", ""relationship_type"": ""lexical"", ""intent_stage"": ""commercial_investigation"", ""similarity_score"": 0.94}, {""keyword"": ""Milestone IQ pricing"", ""relationship_type"": ""lexical"", ""intent_stage"": ""commercial_investigation"", ""similarity_score"": 0.92}, {""keyword"": ""project management tool"", ""relationship_type"": ""lexical"", ""intent_stage"": ""commercial_investigation"", ""similarity_score"": 0.91}, {""keyword"": ""work management software"", ""relationship_type"": ""lexical"", ""intent_stage"": ""commercial_investigation"", ""similarity_score"": 0.9}, {""keyword"": ""Milestone IQ reviews"", ""relationship_type"": ""lexical"", ""intent_stage"": ""comparison"", ""similarity_score"": 0.9}, {""keyword"": ""team collaboration workflow"", ""relationship_type"": ""semantic"", ""intent_stage"": ""informational"", ""similarity_score"": 0.82}, {""keyword"": ""workload tracking"", ""relationship_type"": ""semantic"", ""intent_stage"": ""informational"", ""similarity_score"": 0.81}, {""keyword"": ""project management tool pricing comparison"", ""relationship_type"": ""intent"", ""intent_stage"": ""comparison"", ""similarity_score"": 0.68}, {""keyword"": ""sprint planning"", ""relationship_type"": ""semantic"", ""intent_stage"": ""informational"", ""similarity_score"": 0.67}, {""keyword"": ""best project management software"", ""relationship_type"": ""intent"", ""intent_stage"": ""comparison"", ""similarity_score"": 0.67}, {""keyword"": ""how to choose project management software"", ""relationship_type"": ""intent"", ""intent_stage"": ""informational"", ""similarity_score"": 0.62}]"
WorkGrid,Project Management Software,"All-in-one workspace combining docs, tasks, and chat",$15/user/mo,4.5,1040,Good reporting/dashboards out of the box,"Flexible views (list, board, timeline, calendar)",Custom fields and templates speed up setup,Strong automation rules for recurring workflows,Steep learning curve for advanced automation features,Mobile app lacks some desktop functionality,Organizations that need fast onboarding and strong integrations,https://www.workgrid.com,https://www.workgrid.com/pricing,2026-05-09,108,project management platform,workload tracking,best project management software,"[{""keyword"": ""project management platform"", ""relationship_type"": ""lexical"", ""intent_stage"": ""commercial_investigation"", ""similarity_score"": 0.98}, {""keyword"": ""work management software"", ""relationship_type"": ""lexical"", ""intent_stage"": ""commercial_investigation"", ""similarity_score"": 0.95}, {""keyword"": ""WorkGrid pricing"", ""relationship_type"": ""lexical"", ""intent_stage"": ""commercial_investigation"", ""similarity_score"": 0.94}, {""keyword"": ""WorkGrid reviews"", ""relationship_type"": ""lexical"", ""intent_stage"": ""comparison"", ""similarity_score"": 0.91}, {""keyword"": ""project management tool"", ""relationship_type"": ""lexical"", ""intent_stage"": ""commercial_investigation"", ""similarity_score"": 0.89}, {""keyword"": ""best project management software"", ""relationship_type"": ""intent"", ""intent_stage"": ""comparison"", ""similarity_score"": 0.77}, {""keyword"": ""how to choose project management software"", ""relationship_type"": ""intent"", ""intent_stage"": ""informational"", ""similarity_score"": 0.75}, {""keyword"": ""workload tracking"", ""relationship_type"": ""semantic"", ""intent_stage"": ""informational"", ""similarity_score"": 0.72}, {""keyword"": ""team collaboration workflow"", ""relationship_type"": ""semantic"", ""intent_stage"": ""informational"", ""similarity_score"": 0.71}, {""keyword"": ""sprint planning"", ""relationship_type"": ""semantic"", ""intent_stage"": ""informational"", ""similarity_score"": 0.66}, {""keyword"": ""project management software for small teams"", ""relationship_type"": ""intent"", ""intent_stage"": ""commercial_investigation"", ""similarity_score"": 0.57}]"
Cadence PM,Project Management Software,Agile sprint management for engineering teams,$0 (free tier),4.0,2259,Good reporting/dashboards out of the box,Intuitive drag-and-drop board interface,Custom fields and templates speed up setup,Strong automation rules for recurring workflows,Reporting customization is limited on lower-tier plans,Mobile app lacks some desktop functionality,Organizations that need a polished user experience and strong integrations,https://www.cadencepm.com,https://www.cadencepm.com/pricing,2026-07-02,54,project management tool,resource allocation,best project management software,"[{""keyword"": ""project management tool"", ""relationship_type"": ""lexical"", ""intent_stage"": ""commercial_investigation"", ""similarity_score"": 0.98}, {""keyword"": ""Cadence PM pricing"", ""relationship_type"": ""lexical"", ""intent_stage"": ""commercial_investigation"", ""similarity_score"": 0.97}, {""keyword"": ""work management software"", ""relationship_type"": ""lexical"", ""intent_stage"": ""commercial_investigation"", ""similarity_score"": 0.92}, {""keyword"": ""Cadence PM reviews"", ""relationship_type"": ""lexical"", ""intent_stage"": ""comparison"", ""similarity_score"": 0.92}, {""keyword"": ""task management software"", ""relationship_type"": ""lexical"", ""intent_stage"": ""commercial_investigation"", ""similarity_score"": 0.91}, {""keyword"": ""resource allocation"", ""relationship_type"": ""semantic"", ""intent_stage"": ""informational"", ""similarity_score"": 0.83}, {""keyword"": ""best project management software"", ""relationship_type"": ""intent"", ""intent_stage"": ""comparison"", ""similarity_score"": 0.7}, {""keyword"": ""team collaboration workflow"", ""relationship_type"": ""semantic"", ""intent_stage"": ""informational"", ""similarity_score"": 0.69}, {""keyword"": ""project management software for small teams"", ""relationship_type"": ""intent"", ""intent_stage"": ""commercial_investigation"", ""similarity_score"": 0.68}, {""keyword"": ""workload tracking"", ""relationship_type"": ""semantic"", ""intent_stage"": ""informational"", ""similarity_score"": 0.65}, {""keyword"": ""how to choose project management software"", ""relationship_type"": ""intent"", ""intent_stage"": ""informational"", ""similarity_score"": 0.56}]"
Chartwork,Project Management Software,Agile sprint management for engineering teams,$7/user/mo,4.0,2125,Intuitive drag-and-drop board interface,Strong automation rules for recurring workflows,Good reporting/dashboards out of the box,Solid mobile app for on-the-go updates,Reporting customization is limited on lower-tier plans,Mobile app lacks some desktop functionality,Teams that need great support without a long implementation cycle,https://www.chartwork.com,https://www.chartwork.com/pricing,2026-03-30,148,Chartwork pricing,sprint planning,how to choose project management software,"[{""keyword"": ""Chartwork pricing"", ""relationship_type"": ""lexical"", ""intent_stage"": ""commercial_investigation"", ""similarity_score"": 0.98}, {""keyword"": ""task management software"", ""relationship_type"": ""lexical"", ""intent_stage"": ""commercial_investigation"", ""similarity_score"": 0.94}, {""keyword"": ""work management software"", ""relationship_type"": ""lexical"", ""intent_stage"": ""commercial_investigation"", ""similarity_score"": 0.93}, {""keyword"": ""project management tool"", ""relationship_type"": ""lexical"", ""intent_stage"": ""commercial_investigation"", ""similarity_score"": 0.92}, {""keyword"": ""Chartwork reviews"", ""relationship_type"": ""lexical"", ""intent_stage"": ""comparison"", ""similarity_score"": 0.9}, {""keyword"": ""how to choose project management software"", ""relationship_type"": ""intent"", ""intent_stage"": ""informational"", ""similarity_score"": 0.8}, {""keyword"": ""project management tool pricing comparison"", ""relationship_type"": ""intent"", ""intent_stage"": ""comparison"", ""similarity_score"": 0.8}, {""keyword"": ""sprint planning"", ""relationship_type"": ""semantic"", ""intent_stage"": ""informational"", ""similarity_score"": 0.77}, {""keyword"": ""team collaboration workflow"", ""relationship_type"": ""semantic"", ""intent_stage"": ""informational"", ""similarity_score"": 0.71}, {""keyword"": ""resource allocation"", ""relationship_type"": ""semantic"", ""intent_stage"": ""informational"", ""similarity_score"": 0.69}, {""keyword"": ""best project management software"", ""relationship_type"": ""intent"", ""intent_stage"": ""comparison"", ""similarity_score"": 0.66}]"
Loopboard,Project Management Software,Visual task boards for cross-functional teams,$15/user/mo,4.1,1131,Strong automation rules for recurring workflows,"Deep integrations with Slack, Google Workspace, and Zoom",Intuitive drag-and-drop board interface,Good reporting/dashboards out of the box,Occasional lag with very large projects (1000+ tasks),Reporting customization is limited on lower-tier plans,Growing companies that want a polished user experience as they scale,https://www.loopboard.com,https://www.loopboard.com/pricing,2026-04-08,139,project management tool,team collaboration workflow,best project management software,"[{""keyword"": ""project management tool"", ""relationship_type"": ""lexical"", ""intent_stage"": ""commercial_investigation"", ""similarity_score"": 0.97}, {""keyword"": ""Loopboard reviews"", ""relationship_type"": ""lexical"", ""intent_stage"": ""comparison"", ""similarity_score"": 0.96}, {""keyword"": ""task management software"", ""relationship_type"": ""lexical"", ""intent_stage"": ""commercial_investigation"", ""similarity_score"": 0.95}, {""keyword"": ""work management software"", ""relationship_type"": ""lexical"", ""intent_stage"": ""commercial_investigation"", ""similarity_score"": 0.94}, {""keyword"": ""Loopboard pricing"", ""relationship_type"": ""lexical"", ""intent_stage"": ""commercial_investigation"", ""similarity_score"": 0.91}, {""keyword"": ""team collaboration workflow"", ""relationship_type"": ""semantic"", ""intent_stage"": ""informational"", ""similarity_score"": 0.78}, {""keyword"": ""best project management software"", ""relationship_type"": ""intent"", ""intent_stage"": ""comparison"", ""similarity_score"": 0.71}, {""keyword"": ""workload tracking"", ""relationship_type"": ""semantic"", ""intent_stage"": ""informational"", ""similarity_score"": 0.68}, {""keyword"": ""sprint planning"", ""relationship_type"": ""semantic"", ""intent_stage"": ""informational"", ""similarity_score"": 0.65}, {""keyword"": ""project management tool pricing comparison"", ""relationship_type"": ""intent"", ""intent_stage"": ""comparison"", ""similarity_score"": 0.62}, {""keyword"": ""project management software for small teams"", ""relationship_type"": ""intent"", ""intent_stage"": ""commercial_investigation"", ""similarity_score"": 0.6}]"
Trellisly,Project Management Software,Gantt-first planning for agencies and client work,$9/user/mo,4.8,253,Intuitive drag-and-drop board interface,Custom fields and templates speed up setup,"Flexible views (list, board, timeline, calendar)","Deep integrations with Slack, Google Workspace, and Zoom",Steep learning curve for advanced automation features,Mobile app lacks some desktop functionality,Small teams prioritizing clean reporting over deep customization,https://www.trellisly.com,https://www.trellisly.com/pricing,2026-03-15,163,Trellisly reviews,resource allocation,project management tool pricing comparison,"[{""keyword"": ""Trellisly reviews"", ""relationship_type"": ""lexical"", ""intent_stage"": ""comparison"", ""similarity_score"": 0.96}, {""keyword"": ""task management software"", ""relationship_type"": ""lexical"", ""intent_stage"": ""commercial_investigation"", ""similarity_score"": 0.94}, {""keyword"": ""project management tool"", ""relationship_type"": ""lexical"", ""intent_stage"": ""commercial_investigation"", ""similarity_score"": 0.92}, {""keyword"": ""Trellisly pricing"", ""relationship_type"": ""lexical"", ""intent_stage"": ""commercial_investigation"", ""similarity_score"": 0.91}, {""keyword"": ""project management platform"", ""relationship_type"": ""lexical"", ""intent_stage"": ""commercial_investigation"", ""similarity_score"": 0.88}, {""keyword"": ""resource allocation"", ""relationship_type"": ""semantic"", ""intent_stage"": ""informational"", ""similarity_score"": 0.8}, {""keyword"": ""project management tool pricing comparison"", ""relationship_type"": ""intent"", ""intent_stage"": ""comparison"", ""similarity_score"": 0.79}, {""keyword"": ""how to choose project management software"", ""relationship_type"": ""intent"", ""intent_stage"": ""informational"", ""similarity_score"": 0.78}, {""keyword"": ""team collaboration workflow"", ""relationship_type"": ""semantic"", ""intent_stage"": ""informational"", ""similarity_score"": 0.75}, {""keyword"": ""sprint planning"", ""relationship_type"": ""semantic"", ""intent_stage"": ""informational"", ""similarity_score"": 0.65}, {""keyword"": ""project management software for small teams"", ""relationship_type"": ""intent"", ""intent_stage"": ""commercial_investigation"", ""similarity_score"": 0.64}]"
Gantly,Project Management Software,Visual task boards for cross-functional teams,$9/user/mo,4.1,1067,Custom fields and templates speed up setup,Intuitive drag-and-drop board interface,"Deep integrations with Slack, Google Workspace, and Zoom","Flexible views (list, board, timeline, calendar)",Reporting customization is limited on lower-tier plans,Steep learning curve for advanced automation features,Growing companies that want clean reporting as they scale,https://www.gantly.com,https://www.gantly.com/pricing,2026-05-12,105,Gantly pricing,sprint planning,project management tool pricing comparison,"[{""keyword"": ""Gantly pricing"", ""relationship_type"": ""lexical"", ""intent_stage"": ""commercial_investigation"", ""similarity_score"": 0.97}, {""keyword"": ""project management tool"", ""relationship_type"": ""lexical"", ""intent_stage"": ""commercial_investigation"", ""similarity_score"": 0.96}, {""keyword"": ""project management platform"", ""relationship_type"": ""lexical"", ""intent_stage"": ""commercial_investigation"", ""similarity_score"": 0.95}, {""keyword"": ""work management software"", ""relationship_type"": ""lexical"", ""intent_stage"": ""commercial_investigation"", ""similarity_score"": 0.92}, {""keyword"": ""Gantly reviews"", ""relationship_type"": ""lexical"", ""intent_stage"": ""comparison"", ""similarity_score"": 0.9}, {""keyword"": ""project management tool pricing comparison"", ""relationship_type"": ""intent"", ""intent_stage"": ""comparison"", ""similarity_score"": 0.75}, {""keyword"": ""sprint planning"", ""relationship_type"": ""semantic"", ""intent_stage"": ""informational"", ""similarity_score"": 0.72}, {""keyword"": ""resource allocation"", ""relationship_type"": ""semantic"", ""intent_stage"": ""informational"", ""similarity_score"": 0.7}, {""keyword"": ""team collaboration workflow"", ""relationship_type"": ""semantic"", ""intent_stage"": ""informational"", ""similarity_score"": 0.63}, {""keyword"": ""project management software for small teams"", ""relationship_type"": ""intent"", ""intent_stage"": ""commercial_investigation"", ""similarity_score"": 0.63}, {""keyword"": ""best project management software"", ""relationship_type"": ""intent"", ""intent_stage"": ""comparison"", ""similarity_score"": 0.61}]"
Streamform,Project Management Software,Visual task boards for cross-functional teams,$19/user/mo,4.1,1389,"Deep integrations with Slack, Google Workspace, and Zoom",Intuitive drag-and-drop board interface,Good reporting/dashboards out of the box,Solid mobile app for on-the-go updates,Mobile app lacks some desktop functionality,Occasional lag with very large projects (1000+ tasks),Buyers who value fast onboarding more than rock-bottom pricing,https://www.streamform.com,https://www.streamform.com/pricing,2026-08-18,7,project management platform,resource allocation,best project management software,"[{""keyword"": ""project management platform"", ""relationship_type"": ""lexical"", ""intent_stage"": ""commercial_investigation"", ""similarity_score"": 0.98}, {""keyword"": ""Streamform pricing"", ""relationship_type"": ""lexical"", ""intent_stage"": ""commercial_investigation"", ""similarity_score"": 0.95}, {""keyword"": ""project management tool"", ""relationship_type"": ""lexical"", ""intent_stage"": ""commercial_investigation"", ""similarity_score"": 0.94}, {""keyword"": ""Streamform reviews"", ""relationship_type"": ""lexical"", ""intent_stage"": ""comparison"", ""similarity_score"": 0.91}, {""keyword"": ""work management software"", ""relationship_type"": ""lexical"", ""intent_stage"": ""commercial_investigation"", ""similarity_score"": 0.88}, {""keyword"": ""resource allocation"", ""relationship_type"": ""semantic"", ""intent_stage"": ""informational"", ""similarity_score"": 0.75}, {""keyword"": ""best project management software"", ""relationship_type"": ""intent"", ""intent_stage"": ""comparison"", ""similarity_score"": 0.72}, {""keyword"": ""team collaboration workflow"", ""relationship_type"": ""semantic"", ""intent_stage"": ""informational"", ""similarity_score"": 0.7}, {""keyword"": ""sprint planning"", ""relationship_type"": ""semantic"", ""intent_stage"": ""informational"", ""similarity_score"": 0.68}, {""keyword"": ""project management tool pricing comparison"", ""relationship_type"": ""intent"", ""intent_stage"": ""comparison"", ""similarity_score"": 0.64}, {""keyword"": ""how to choose project management software"", ""relationship_type"": ""intent"", ""intent_stage"": ""informational"", ""similarity_score"": 0.57}]"
Ninefold PM,Project Management Software,"Lightweight PM tool built for small, fast-moving teams",$15/user/mo,4.2,555,Custom fields and templates speed up setup,"Deep integrations with Slack, Google Workspace, and Zoom",Solid mobile app for on-the-go updates,Good reporting/dashboards out of the box,Mobile app lacks some desktop functionality,Reporting customization is limited on lower-tier plans,Organizations that need flexible pricing and strong integrations,https://www.ninefoldpm.com,https://www.ninefoldpm.com/pricing,2026-04-06,141,project management platform,sprint planning,project management tool pricing comparison,"[{""keyword"": ""project management platform"", ""relationship_type"": ""lexical"", ""intent_stage"": ""commercial_investigation"", ""similarity_score"": 0.95}, {""keyword"": ""work management software"", ""relationship_type"": ""lexical"", ""intent_stage"": ""commercial_investigation"", ""similarity_score"": 0.95}, {""keyword"": ""Ninefold PM reviews"", ""relationship_type"": ""lexical"", ""intent_stage"": ""comparison"", ""similarity_score"": 0.93}, {""keyword"": ""project management tool"", ""relationship_type"": ""lexical"", ""intent_stage"": ""commercial_investigation"", ""similarity_score"": 0.92}, {""keyword"": ""Ninefold PM pricing"", ""relationship_type"": ""lexical"", ""intent_stage"": ""commercial_investigation"", ""similarity_score"": 0.92}, {""keyword"": ""sprint planning"", ""relationship_type"": ""semantic"", ""intent_stage"": ""informational"", ""similarity_score"": 0.79}, {""keyword"": ""workload tracking"", ""relationship_type"": ""semantic"", ""intent_stage"": ""informational"", ""similarity_score"": 0.69}, {""keyword"": ""team collaboration workflow"", ""relationship_type"": ""semantic"", ""intent_stage"": ""informational"", ""similarity_score"": 0.67}, {""keyword"": ""project management tool pricing comparison"", ""relationship_type"": ""intent"", ""intent_stage"": ""comparison"", ""similarity_score"": 0.67}, {""keyword"": ""best project management software"", ""relationship_type"": ""intent"", ""intent_stage"": ""comparison"", ""similarity_score"": 0.66}, {""keyword"": ""project management software for small teams"", ""relationship_type"": ""intent"", ""intent_stage"": ""commercial_investigation"", ""similarity_score"": 0.6}]"
Kanbanza,Project Management Software,"All-in-one workspace combining docs, tasks, and chat",$7/user/mo,4.6,1207,Solid mobile app for on-the-go updates,Custom fields and templates speed up setup,Good reporting/dashboards out of the box,"Deep integrations with Slack, Google Workspace, and Zoom",Steep learning curve for advanced automation features,Mobile app lacks some desktop functionality,Small teams prioritizing great support over deep customization,https://www.kanbanza.com,https://www.kanbanza.com/pricing,2026-07-06,50,task management software,workload tracking,project management tool pricing comparison,"[{""keyword"": ""task management software"", ""relationship_type"": ""lexical"", ""intent_stage"": ""commercial_investigation"", ""similarity_score"": 0.96}, {""keyword"": ""project management tool"", ""relationship_type"": ""lexical"", ""intent_stage"": ""commercial_investigation"", ""similarity_score"": 0.93}, {""keyword"": ""Kanbanza reviews"", ""relationship_type"": ""lexical"", ""intent_stage"": ""comparison"", ""similarity_score"": 0.92}, {""keyword"": ""Kanbanza pricing"", ""relationship_type"": ""lexical"", ""intent_stage"": ""commercial_investigation"", ""similarity_score"": 0.91}, {""keyword"": ""project management platform"", ""relationship_type"": ""lexical"", ""intent_stage"": ""commercial_investigation"", ""similarity_score"": 0.9}, {""keyword"": ""workload tracking"", ""relationship_type"": ""semantic"", ""intent_stage"": ""informational"", ""similarity_score"": 0.76}, {""keyword"": ""project management tool pricing comparison"", ""relationship_type"": ""intent"", ""intent_stage"": ""comparison"", ""similarity_score"": 0.75}, {""keyword"": ""resource allocation"", ""relationship_type"": ""semantic"", ""intent_stage"": ""informational"", ""similarity_score"": 0.73}, {""keyword"": ""project management software for small teams"", ""relationship_type"": ""intent"", ""intent_stage"": ""commercial_investigation"", ""similarity_score"": 0.72}, {""keyword"": ""team collaboration workflow"", ""relationship_type"": ""semantic"", ""intent_stage"": ""informational"", ""similarity_score"": 0.67}, {""keyword"": ""how to choose project management software"", ""relationship_type"": ""intent"", ""intent_stage"": ""informational"", ""similarity_score"": 0.6}]"
Orbitwork,Project Management Software,Gantt-first planning for agencies and client work,$0 (free tier),4.5,542,"Flexible views (list, board, timeline, calendar)",Strong automation rules for recurring workflows,Good reporting/dashboards out of the box,"Deep integrations with Slack, Google Workspace, and Zoom",Mobile app lacks some desktop functionality,Occasional lag with very large projects (1000+ tasks),Buyers who value enterprise-grade compliance more than rock-bottom pricing,https://www.orbitwork.com,https://www.orbitwork.com/pricing,2026-04-07,140,project management tool,workload tracking,best project management software,"[{""keyword"": ""project management tool"", ""relationship_type"": ""lexical"", ""intent_stage"": ""commercial_investigation"", ""similarity_score"": 0.96}, {""keyword"": ""project management platform"", ""relationship_type"": ""lexical"", ""intent_stage"": ""commercial_investigation"", ""similarity_score"": 0.96}, {""keyword"": ""Orbitwork reviews"", ""relationship_type"": ""lexical"", ""intent_stage"": ""comparison"", ""similarity_score"": 0.95}, {""keyword"": ""work management software"", ""relationship_type"": ""lexical"", ""intent_stage"": ""commercial_investigation"", ""similarity_score"": 0.93}, {""keyword"": ""Orbitwork pricing"", ""relationship_type"": ""lexical"", ""intent_stage"": ""commercial_investigation"", ""similarity_score"": 0.92}, {""keyword"": ""best project management software"", ""relationship_type"": ""intent"", ""intent_stage"": ""comparison"", ""similarity_score"": 0.77}, {""keyword"": ""workload tracking"", ""relationship_type"": ""semantic"", ""intent_stage"": ""informational"", ""similarity_score"": 0.68}, {""keyword"": ""sprint planning"", ""relationship_type"": ""semantic"", ""intent_stage"": ""informational"", ""similarity_score"": 0.68}, {""keyword"": ""team collaboration workflow"", ""relationship_type"": ""semantic"", ""intent_stage"": ""informational"", ""similarity_score"": 0.64}, {""keyword"": ""project management tool pricing comparison"", ""relationship_type"": ""intent"", ""intent_stage"": ""comparison"", ""similarity_score"": 0.59}, {""keyword"": ""project management software for small teams"", ""relationship_type"": ""intent"", ""intent_stage"": ""commercial_investigation"", ""similarity_score"": 0.57}]"
Projexa,Project Management Software,Gantt-first planning for agencies and client work,$19/user/mo,4.1,921,Intuitive drag-and-drop board interface,"Flexible views (list, board, timeline, calendar)",Custom fields and templates speed up setup,"Deep integrations with Slack, Google Workspace, and Zoom",Mobile app lacks some desktop functionality,Reporting customization is limited on lower-tier plans,Teams that need great support without a long implementation cycle,https://www.projexa.com,https://www.projexa.com/pricing,2026-05-10,107,work management software,workload tracking,best project management software,"[{""keyword"": ""work management software"", ""relationship_type"": ""lexical"", ""intent_stage"": ""commercial_investigation"", ""similarity_score"": 0.97}, {""keyword"": ""task management software"", ""relationship_type"": ""lexical"", ""intent_stage"": ""commercial_investigation"", ""similarity_score"": 0.96}, {""keyword"": ""project management tool"", ""relationship_type"": ""lexical"", ""intent_stage"": ""commercial_investigation"", ""similarity_score"": 0.92}, {""keyword"": ""Projexa reviews"", ""relationship_type"": ""lexical"", ""intent_stage"": ""comparison"", ""similarity_score"": 0.91}, {""keyword"": ""Projexa pricing"", ""relationship_type"": ""lexical"", ""intent_stage"": ""commercial_investigation"", ""similarity_score"": 0.9}, {""keyword"": ""best project management software"", ""relationship_type"": ""intent"", ""intent_stage"": ""comparison"", ""similarity_score"": 0.78}, {""keyword"": ""project management software for small teams"", ""relationship_type"": ""intent"", ""intent_stage"": ""commercial_investigation"", ""similarity_score"": 0.76}, {""keyword"": ""workload tracking"", ""relationship_type"": ""semantic"", ""intent_stage"": ""informational"", ""similarity_score"": 0.73}, {""keyword"": ""sprint planning"", ""relationship_type"": ""semantic"", ""intent_stage"": ""informational"", ""similarity_score"": 0.73}, {""keyword"": ""project management tool pricing comparison"", ""relationship_type"": ""intent"", ""intent_stage"": ""comparison"", ""similarity_score"": 0.73}, {""keyword"": ""resource allocation"", ""relationship_type"": ""semantic"", ""intent_stage"": ""informational"", ""similarity_score"": 0.68}]"
Sherpa Tasks,Project Management Software,Agile sprint management for engineering teams,$15/user/mo,3.9,1658,Solid mobile app for on-the-go updates,Good reporting/dashboards out of the box,Intuitive drag-and-drop board interface,Custom fields and templates speed up setup,Mobile app lacks some desktop functionality,Steep learning curve for advanced automation features,Organizations that need clean reporting and strong integrations,https://www.sherpatasks.com,https://www.sherpatasks.com/pricing,2026-08-13,12,work management software,resource allocation,best project management software,"[{""keyword"": ""work management software"", ""relationship_type"": ""lexical"", ""intent_stage"": ""commercial_investigation"", ""similarity_score"": 0.96}, {""keyword"": ""Sherpa Tasks reviews"", ""relationship_type"": ""lexical"", ""intent_stage"": ""comparison"", ""similarity_score"": 0.95}, {""keyword"": ""Sherpa Tasks pricing"", ""relationship_type"": ""lexical"", ""intent_stage"": ""commercial_investigation"", ""similarity_score"": 0.93}, {""keyword"": ""project management platform"", ""relationship_type"": ""lexical"", ""intent_stage"": ""commercial_investigation"", ""similarity_score"": 0.91}, {""keyword"": ""task management software"", ""relationship_type"": ""lexical"", ""intent_stage"": ""commercial_investigation"", ""similarity_score"": 0.9}, {""keyword"": ""resource allocation"", ""relationship_type"": ""semantic"", ""intent_stage"": ""informational"", ""similarity_score"": 0.78}, {""keyword"": ""best project management software"", ""relationship_type"": ""intent"", ""intent_stage"": ""comparison"", ""similarity_score"": 0.75}, {""keyword"": ""project management tool pricing comparison"", ""relationship_type"": ""intent"", ""intent_stage"": ""comparison"", ""similarity_score"": 0.74}, {""keyword"": ""workload tracking"", ""relationship_type"": ""semantic"", ""intent_stage"": ""informational"", ""similarity_score"": 0.72}, {""keyword"": ""how to choose project management software"", ""relationship_type"": ""intent"", ""intent_stage"": ""informational"", ""similarity_score"": 0.71}, {""keyword"": ""sprint planning"", ""relationship_type"": ""semantic"", ""intent_stage"": ""informational"", ""similarity_score"": 0.63}]"
Hirewell,Hiring and HR Software,"All-in-one HRIS for payroll, benefits, and onboarding",$5/employee/mo,4.7,2589,Automated interview scheduling saves recruiter hours,Integrates with major job boards and LinkedIn,Solid reporting on time-to-hire and pipeline health,Configurable approval chains for offers,Onboarding module feels bolted-on compared to core ATS,Support response times slow down on lower-tier plans,Growing companies that want a polished user experience as they scale,https://www.hirewell.com,https://www.hirewell.com/pricing,2026-02-27,179,HR management software,interview scheduling,HR software for growing companies,"[{""keyword"": ""HR management software"", ""relationship_type"": ""lexical"", ""intent_stage"": ""commercial_investigation"", ""similarity_score"": 0.98}, {""keyword"": ""Hirewell pricing"", ""relationship_type"": ""lexical"", ""intent_stage"": ""commercial_investigation"", ""similarity_score"": 0.97}, {""keyword"": ""hiring software"", ""relationship_type"": ""lexical"", ""intent_stage"": ""commercial_investigation"", ""similarity_score"": 0.95}, {""keyword"": ""applicant tracking system"", ""relationship_type"": ""lexical"", ""intent_stage"": ""commercial_investigation"", ""similarity_score"": 0.94}, {""keyword"": ""Hirewell reviews"", ""relationship_type"": ""lexical"", ""intent_stage"": ""comparison"", ""similarity_score"": 0.89}, {""keyword"": ""interview scheduling"", ""relationship_type"": ""semantic"", ""intent_stage"": ""informational"", ""similarity_score"": 0.82}, {""keyword"": ""compliance tracking"", ""relationship_type"": ""semantic"", ""intent_stage"": ""informational"", ""similarity_score"": 0.82}, {""keyword"": ""candidate pipeline"", ""relationship_type"": ""semantic"", ""intent_stage"": ""informational"", ""similarity_score"": 0.75}, {""keyword"": ""HR software for growing companies"", ""relationship_type"": ""intent"", ""intent_stage"": ""commercial_investigation"", ""similarity_score"": 0.72}, {""keyword"": ""how to speed up hiring process"", ""relationship_type"": ""intent"", ""intent_stage"": ""informational"", ""similarity_score"": 0.71}, {""keyword"": ""HR software pricing comparison"", ""relationship_type"": ""intent"", ""intent_stage"": ""comparison"", ""similarity_score"": 0.57}]"
PeopleGrid,Hiring and HR Software,Applicant tracking built for high-volume recruiting,Custom pricing,4.7,2847,Good candidate experience (portal + notifications),Clean candidate pipeline visualization,Integrates with major job boards and LinkedIn,Solid reporting on time-to-hire and pipeline health,Support response times slow down on lower-tier plans,Reporting exports are clunky for large datasets,Organizations that need fast onboarding and strong integrations,https://www.peoplegrid.com,https://www.peoplegrid.com/pricing,2026-08-08,17,HR management software,compliance tracking,HR software pricing comparison,"[{""keyword"": ""HR management software"", ""relationship_type"": ""lexical"", ""intent_stage"": ""commercial_investigation"", ""similarity_score"": 0.98}, {""keyword"": ""applicant tracking system"", ""relationship_type"": ""lexical"", ""intent_stage"": ""commercial_investigation"", ""similarity_score"": 0.96}, {""keyword"": ""PeopleGrid pricing"", ""relationship_type"": ""lexical"", ""intent_stage"": ""commercial_investigation"", ""similarity_score"": 0.96}, {""keyword"": ""PeopleGrid reviews"", ""relationship_type"": ""lexical"", ""intent_stage"": ""comparison"", ""similarity_score"": 0.95}, {""keyword"": ""hiring software"", ""relationship_type"": ""lexical"", ""intent_stage"": ""commercial_investigation"", ""similarity_score"": 0.89}, {""keyword"": ""compliance tracking"", ""relationship_type"": ""semantic"", ""intent_stage"": ""informational"", ""similarity_score"": 0.83}, {""keyword"": ""employee onboarding workflow"", ""relationship_type"": ""semantic"", ""intent_stage"": ""informational"", ""similarity_score"": 0.78}, {""keyword"": ""HR software pricing comparison"", ""relationship_type"": ""intent"", ""intent_stage"": ""comparison"", ""similarity_score"": 0.76}, {""keyword"": ""HR software for growing companies"", ""relationship_type"": ""intent"", ""intent_stage"": ""commercial_investigation"", ""similarity_score"": 0.7}, {""keyword"": ""candidate pipeline"", ""relationship_type"": ""semantic"", ""intent_stage"": ""informational"", ""similarity_score"": 0.68}, {""keyword"": ""best applicant tracking system"", ""relationship_type"": ""intent"", ""intent_stage"": ""comparison"", ""similarity_score"": 0.63}]"
Talently,Hiring and HR Software,"All-in-one HRIS for payroll, benefits, and onboarding",$0 (free tier),4.2,1891,Automated interview scheduling saves recruiter hours,Configurable approval chains for offers,Good candidate experience (portal + notifications),Solid reporting on time-to-hire and pipeline health,Support response times slow down on lower-tier plans,Onboarding module feels bolted-on compared to core ATS,Organizations that need fast onboarding and strong integrations,https://www.talently.com,https://www.talently.com/pricing,2026-07-10,46,HR management software,interview scheduling,HR software pricing comparison,"[{""keyword"": ""HR management software"", ""relationship_type"": ""lexical"", ""intent_stage"": ""commercial_investigation"", ""similarity_score"": 0.97}, {""keyword"": ""recruitment platform"", ""relationship_type"": ""lexical"", ""intent_stage"": ""commercial_investigation"", ""similarity_score"": 0.96}, {""keyword"": ""Talently pricing"", ""relationship_type"": ""lexical"", ""intent_stage"": ""commercial_investigation"", ""similarity_score"": 0.96}, {""keyword"": ""hiring software"", ""relationship_type"": ""lexical"", ""intent_stage"": ""commercial_investigation"", ""similarity_score"": 0.91}, {""keyword"": ""Talently reviews"", ""relationship_type"": ""lexical"", ""intent_stage"": ""comparison"", ""similarity_score"": 0.9}, {""keyword"": ""interview scheduling"", ""relationship_type"": ""semantic"", ""intent_stage"": ""informational"", ""similarity_score"": 0.78}, {""keyword"": ""HR software pricing comparison"", ""relationship_type"": ""intent"", ""intent_stage"": ""comparison"", ""similarity_score"": 0.75}, {""keyword"": ""compliance tracking"", ""relationship_type"": ""semantic"", ""intent_stage"": ""informational"", ""similarity_score"": 0.73}, {""keyword"": ""HR software for growing companies"", ""relationship_type"": ""intent"", ""intent_stage"": ""commercial_investigation"", ""similarity_score"": 0.71}, {""keyword"": ""best applicant tracking system"", ""relationship_type"": ""intent"", ""intent_stage"": ""comparison"", ""similarity_score"": 0.67}, {""keyword"": ""candidate pipeline"", ""relationship_type"": ""semantic"", ""intent_stage"": ""informational"", ""similarity_score"": 0.64}]"
Onboardio,Hiring and HR Software,Applicant tracking built for high-volume recruiting,$8/employee/mo,4.1,2878,Automated interview scheduling saves recruiter hours,Strong compliance and e-signature workflows,Good candidate experience (portal + notifications),Solid reporting on time-to-hire and pipeline health,Reporting exports are clunky for large datasets,Support response times slow down on lower-tier plans,Buyers who value fast onboarding more than rock-bottom pricing,https://www.onboardio.com,https://www.onboardio.com/pricing,2026-05-09,108,Onboardio pricing,employee onboarding workflow,how to speed up hiring process,"[{""keyword"": ""Onboardio pricing"", ""relationship_type"": ""lexical"", ""intent_stage"": ""commercial_investigation"", ""similarity_score"": 0.92}, {""keyword"": ""applicant tracking system"", ""relationship_type"": ""lexical"", ""intent_stage"": ""commercial_investigation"", ""similarity_score"": 0.91}, {""keyword"": ""HR management software"", ""relationship_type"": ""lexical"", ""intent_stage"": ""commercial_investigation"", ""similarity_score"": 0.91}, {""keyword"": ""recruitment platform"", ""relationship_type"": ""lexical"", ""intent_stage"": ""commercial_investigation"", ""similarity_score"": 0.89}, {""keyword"": ""Onboardio reviews"", ""relationship_type"": ""lexical"", ""intent_stage"": ""comparison"", ""similarity_score"": 0.89}, {""keyword"": ""employee onboarding workflow"", ""relationship_type"": ""semantic"", ""intent_stage"": ""informational"", ""similarity_score"": 0.78}, {""keyword"": ""interview scheduling"", ""relationship_type"": ""semantic"", ""intent_stage"": ""informational"", ""similarity_score"": 0.75}, {""keyword"": ""candidate pipeline"", ""relationship_type"": ""semantic"", ""intent_stage"": ""informational"", ""similarity_score"": 0.68}, {""keyword"": ""how to speed up hiring process"", ""relationship_type"": ""intent"", ""intent_stage"": ""informational"", ""similarity_score"": 0.64}, {""keyword"": ""HR software pricing comparison"", ""relationship_type"": ""intent"", ""intent_stage"": ""comparison"", ""similarity_score"": 0.63}, {""keyword"": ""best applicant tracking system"", ""relationship_type"": ""intent"", ""intent_stage"": ""comparison"", ""similarity_score"": 0.62}]"
RosterIQ,Hiring and HR Software,Compliance-first HR platform for regulated industries,$14/employee/mo,4.0,231,Clean candidate pipeline visualization,Good candidate experience (portal + notifications),Strong compliance and e-signature workflows,Automated interview scheduling saves recruiter hours,Reporting exports are clunky for large datasets,Onboarding module feels bolted-on compared to core ATS,Teams that need flexible pricing without a long implementation cycle,https://www.rosteriq.com,https://www.rosteriq.com/pricing,2026-04-27,120,applicant tracking system,employee onboarding workflow,how to speed up hiring process,"[{""keyword"": ""applicant tracking system"", ""relationship_type"": ""lexical"", ""intent_stage"": ""commercial_investigation"", ""similarity_score"": 0.97}, {""keyword"": ""RosterIQ reviews"", ""relationship_type"": ""lexical"", ""intent_stage"": ""comparison"", ""similarity_score"": 0.95}, {""keyword"": ""RosterIQ pricing"", ""relationship_type"": ""lexical"", ""intent_stage"": ""commercial_investigation"", ""similarity_score"": 0.94}, {""keyword"": ""recruitment platform"", ""relationship_type"": ""lexical"", ""intent_stage"": ""commercial_investigation"", ""similarity_score"": 0.9}, {""keyword"": ""HR management software"", ""relationship_type"": ""lexical"", ""intent_stage"": ""commercial_investigation"", ""similarity_score"": 0.89}, {""keyword"": ""employee onboarding workflow"", ""relationship_type"": ""semantic"", ""intent_stage"": ""informational"", ""similarity_score"": 0.77}, {""keyword"": ""compliance tracking"", ""relationship_type"": ""semantic"", ""intent_stage"": ""informational"", ""similarity_score"": 0.75}, {""keyword"": ""how to speed up hiring process"", ""relationship_type"": ""intent"", ""intent_stage"": ""informational"", ""similarity_score"": 0.74}, {""keyword"": ""HR software pricing comparison"", ""relationship_type"": ""intent"", ""intent_stage"": ""comparison"", ""similarity_score"": 0.7}, {""keyword"": ""candidate pipeline"", ""relationship_type"": ""semantic"", ""intent_stage"": ""informational"", ""similarity_score"": 0.65}, {""keyword"": ""best applicant tracking system"", ""relationship_type"": ""intent"", ""intent_stage"": ""comparison"", ""similarity_score"": 0.58}]"
CoreHR Suite,Hiring and HR Software,Recruiting CRM for sourcing passive candidates,$5/employee/mo,4.7,1603,Configurable approval chains for offers,Integrates with major job boards and LinkedIn,Strong compliance and e-signature workflows,Solid reporting on time-to-hire and pipeline health,Support response times slow down on lower-tier plans,Reporting exports are clunky for large datasets,Buyers who value an easy setup more than rock-bottom pricing,https://www.corehrsuite.com,https://www.corehrsuite.com/pricing,2026-03-22,156,CoreHR Suite pricing,interview scheduling,HR software pricing comparison,"[{""keyword"": ""CoreHR Suite pricing"", ""relationship_type"": ""lexical"", ""intent_stage"": ""commercial_investigation"", ""similarity_score"": 0.95}, {""keyword"": ""hiring software"", ""relationship_type"": ""lexical"", ""intent_stage"": ""commercial_investigation"", ""similarity_score"": 0.91}, {""keyword"": ""applicant tracking system"", ""relationship_type"": ""lexical"", ""intent_stage"": ""commercial_investigation"", ""similarity_score"": 0.9}, {""keyword"": ""recruitment platform"", ""relationship_type"": ""lexical"", ""intent_stage"": ""commercial_investigation"", ""similarity_score"": 0.89}, {""keyword"": ""CoreHR Suite reviews"", ""relationship_type"": ""lexical"", ""intent_stage"": ""comparison"", ""similarity_score"": 0.89}, {""keyword"": ""interview scheduling"", ""relationship_type"": ""semantic"", ""intent_stage"": ""informational"", ""similarity_score"": 0.78}, {""keyword"": ""HR software pricing comparison"", ""relationship_type"": ""intent"", ""intent_stage"": ""comparison"", ""similarity_score"": 0.78}, {""keyword"": ""how to speed up hiring process"", ""relationship_type"": ""intent"", ""intent_stage"": ""informational"", ""similarity_score"": 0.75}, {""keyword"": ""best applicant tracking system"", ""relationship_type"": ""intent"", ""intent_stage"": ""comparison"", ""similarity_score"": 0.71}, {""keyword"": ""compliance tracking"", ""relationship_type"": ""semantic"", ""intent_stage"": ""informational"", ""similarity_score"": 0.68}, {""keyword"": ""employee onboarding workflow"", ""relationship_type"": ""semantic"", ""intent_stage"": ""informational"", ""similarity_score"": 0.67}]"
Recruitly,Hiring and HR Software,Compliance-first HR platform for regulated industries,$5/employee/mo,4.3,2275,Automated interview scheduling saves recruiter hours,Solid reporting on time-to-hire and pipeline health,Integrates with major job boards and LinkedIn,Strong compliance and e-signature workflows,Limited customization for non-US compliance rules,Onboarding module feels bolted-on compared to core ATS,Teams that need clean reporting without a long implementation cycle,https://www.recruitly.com,https://www.recruitly.com/pricing,2026-06-08,78,applicant tracking system,compliance tracking,how to speed up hiring process,"[{""keyword"": ""applicant tracking system"", ""relationship_type"": ""lexical"", ""intent_stage"": ""commercial_investigation"", ""similarity_score"": 0.93}, {""keyword"": ""Recruitly reviews"", ""relationship_type"": ""lexical"", ""intent_stage"": ""comparison"", ""similarity_score"": 0.93}, {""keyword"": ""hiring software"", ""relationship_type"": ""lexical"", ""intent_stage"": ""commercial_investigation"", ""similarity_score"": 0.92}, {""keyword"": ""Recruitly pricing"", ""relationship_type"": ""lexical"", ""intent_stage"": ""commercial_investigation"", ""similarity_score"": 0.92}, {""keyword"": ""HR management software"", ""relationship_type"": ""lexical"", ""intent_stage"": ""commercial_investigation"", ""similarity_score"": 0.91}, {""keyword"": ""compliance tracking"", ""relationship_type"": ""semantic"", ""intent_stage"": ""informational"", ""similarity_score"": 0.82}, {""keyword"": ""how to speed up hiring process"", ""relationship_type"": ""intent"", ""intent_stage"": ""informational"", ""similarity_score"": 0.79}, {""keyword"": ""candidate pipeline"", ""relationship_type"": ""semantic"", ""intent_stage"": ""informational"", ""similarity_score"": 0.78}, {""keyword"": ""HR software pricing comparison"", ""relationship_type"": ""intent"", ""intent_stage"": ""comparison"", ""similarity_score"": 0.76}, {""keyword"": ""interview scheduling"", ""relationship_type"": ""semantic"", ""intent_stage"": ""informational"", ""similarity_score"": 0.75}, {""keyword"": ""best applicant tracking system"", ""relationship_type"": ""intent"", ""intent_stage"": ""comparison"", ""similarity_score"": 0.69}]"
StaffLoop,Hiring and HR Software,Applicant tracking built for high-volume recruiting,Custom pricing,4.7,2405,Clean candidate pipeline visualization,Automated interview scheduling saves recruiter hours,Configurable approval chains for offers,Good candidate experience (portal + notifications),Support response times slow down on lower-tier plans,Onboarding module feels bolted-on compared to core ATS,Buyers who value enterprise-grade compliance more than rock-bottom pricing,https://www.staffloop.com,https://www.staffloop.com/pricing,2026-03-16,162,StaffLoop pricing,compliance tracking,HR software pricing comparison,"[{""keyword"": ""StaffLoop pricing"", ""relationship_type"": ""lexical"", ""intent_stage"": ""commercial_investigation"", ""similarity_score"": 0.98}, {""keyword"": ""HR management software"", ""relationship_type"": ""lexical"", ""intent_stage"": ""commercial_investigation"", ""similarity_score"": 0.95}, {""keyword"": ""recruitment platform"", ""relationship_type"": ""lexical"", ""intent_stage"": ""commercial_investigation"", ""similarity_score"": 0.91}, {""keyword"": ""hiring software"", ""relationship_type"": ""lexical"", ""intent_stage"": ""commercial_investigation"", ""similarity_score"": 0.91}, {""keyword"": ""StaffLoop reviews"", ""relationship_type"": ""lexical"", ""intent_stage"": ""comparison"", ""similarity_score"": 0.91}, {""keyword"": ""compliance tracking"", ""relationship_type"": ""semantic"", ""intent_stage"": ""informational"", ""similarity_score"": 0.8}, {""keyword"": ""HR software pricing comparison"", ""relationship_type"": ""intent"", ""intent_stage"": ""comparison"", ""similarity_score"": 0.77}, {""keyword"": ""employee onboarding workflow"", ""relationship_type"": ""semantic"", ""intent_stage"": ""informational"", ""similarity_score"": 0.74}, {""keyword"": ""HR software for growing companies"", ""relationship_type"": ""intent"", ""intent_stage"": ""commercial_investigation"", ""similarity_score"": 0.74}, {""keyword"": ""interview scheduling"", ""relationship_type"": ""semantic"", ""intent_stage"": ""informational"", ""similarity_score"": 0.72}, {""keyword"": ""best applicant tracking system"", ""relationship_type"": ""intent"", ""intent_stage"": ""comparison"", ""similarity_score"": 0.58}]"
Talenta,Hiring and HR Software,Applicant tracking built for high-volume recruiting,Custom pricing,4.8,1937,Configurable approval chains for offers,Clean candidate pipeline visualization,Automated interview scheduling saves recruiter hours,Strong compliance and e-signature workflows,Reporting exports are clunky for large datasets,Support response times slow down on lower-tier plans,Organizations that need an easy setup and strong integrations,https://www.talenta.com,https://www.talenta.com/pricing,2026-07-04,52,applicant tracking system,candidate pipeline,HR software for growing companies,"[{""keyword"": ""applicant tracking system"", ""relationship_type"": ""lexical"", ""intent_stage"": ""commercial_investigation"", ""similarity_score"": 0.97}, {""keyword"": ""Talenta reviews"", ""relationship_type"": ""lexical"", ""intent_stage"": ""comparison"", ""similarity_score"": 0.97}, {""keyword"": ""hiring software"", ""relationship_type"": ""lexical"", ""intent_stage"": ""commercial_investigation"", ""similarity_score"": 0.95}, {""keyword"": ""recruitment platform"", ""relationship_type"": ""lexical"", ""intent_stage"": ""commercial_investigation"", ""similarity_score"": 0.92}, {""keyword"": ""Talenta pricing"", ""relationship_type"": ""lexical"", ""intent_stage"": ""commercial_investigation"", ""similarity_score"": 0.91}, {""keyword"": ""HR software for growing companies"", ""relationship_type"": ""intent"", ""intent_stage"": ""commercial_investigation"", ""similarity_score"": 0.79}, {""keyword"": ""candidate pipeline"", ""relationship_type"": ""semantic"", ""intent_stage"": ""informational"", ""similarity_score"": 0.71}, {""keyword"": ""how to speed up hiring process"", ""relationship_type"": ""intent"", ""intent_stage"": ""informational"", ""similarity_score"": 0.71}, {""keyword"": ""employee onboarding workflow"", ""relationship_type"": ""semantic"", ""intent_stage"": ""informational"", ""similarity_score"": 0.69}, {""keyword"": ""interview scheduling"", ""relationship_type"": ""semantic"", ""intent_stage"": ""informational"", ""similarity_score"": 0.62}, {""keyword"": ""HR software pricing comparison"", ""relationship_type"": ""intent"", ""intent_stage"": ""comparison"", ""similarity_score"": 0.59}]"
Worknest,Hiring and HR Software,Compliance-first HR platform for regulated industries,$8/employee/mo,4.4,1164,Configurable approval chains for offers,Integrates with major job boards and LinkedIn,Solid reporting on time-to-hire and pipeline health,Automated interview scheduling saves recruiter hours,Reporting exports are clunky for large datasets,Support response times slow down on lower-tier plans,Growing companies that want enterprise-grade compliance as they scale,https://www.worknest.com,https://www.worknest.com/pricing,2026-07-08,48,hiring software,candidate pipeline,HR software pricing comparison,"[{""keyword"": ""hiring software"", ""relationship_type"": ""lexical"", ""intent_stage"": ""commercial_investigation"", ""similarity_score"": 0.97}, {""keyword"": ""Worknest pricing"", ""relationship_type"": ""lexical"", ""intent_stage"": ""commercial_investigation"", ""similarity_score"": 0.97}, {""keyword"": ""HR management software"", ""relationship_type"": ""lexical"", ""intent_stage"": ""commercial_investigation"", ""similarity_score"": 0.96}, {""keyword"": ""recruitment platform"", ""relationship_type"": ""lexical"", ""intent_stage"": ""commercial_investigation"", ""similarity_score"": 0.91}, {""keyword"": ""Worknest reviews"", ""relationship_type"": ""lexical"", ""intent_stage"": ""comparison"", ""similarity_score"": 0.9}, {""keyword"": ""candidate pipeline"", ""relationship_type"": ""semantic"", ""intent_stage"": ""informational"", ""similarity_score"": 0.8}, {""keyword"": ""interview scheduling"", ""relationship_type"": ""semantic"", ""intent_stage"": ""informational"", ""similarity_score"": 0.77}, {""keyword"": ""employee onboarding workflow"", ""relationship_type"": ""semantic"", ""intent_stage"": ""informational"", ""similarity_score"": 0.75}, {""keyword"": ""HR software pricing comparison"", ""relationship_type"": ""intent"", ""intent_stage"": ""comparison"", ""similarity_score"": 0.69}, {""keyword"": ""best applicant tracking system"", ""relationship_type"": ""intent"", ""intent_stage"": ""comparison"", ""similarity_score"": 0.69}, {""keyword"": ""HR software for growing companies"", ""relationship_type"": ""intent"", ""intent_stage"": ""commercial_investigation"", ""similarity_score"": 0.64}]"
HireCanvas,Hiring and HR Software,Employee lifecycle management for distributed teams,$8/employee/mo,4.8,2901,Automated interview scheduling saves recruiter hours,Good candidate experience (portal + notifications),Configurable approval chains for offers,Integrates with major job boards and LinkedIn,Reporting exports are clunky for large datasets,Onboarding module feels bolted-on compared to core ATS,Small teams prioritizing a polished user experience over deep customization,https://www.hirecanvas.com,https://www.hirecanvas.com/pricing,2026-02-26,180,HireCanvas reviews,employee onboarding workflow,HR software for growing companies,"[{""keyword"": ""HireCanvas reviews"", ""relationship_type"": ""lexical"", ""intent_stage"": ""comparison"", ""similarity_score"": 0.96}, {""keyword"": ""HireCanvas pricing"", ""relationship_type"": ""lexical"", ""intent_stage"": ""commercial_investigation"", ""similarity_score"": 0.95}, {""keyword"": ""recruitment platform"", ""relationship_type"": ""lexical"", ""intent_stage"": ""commercial_investigation"", ""similarity_score"": 0.93}, {""keyword"": ""hiring software"", ""relationship_type"": ""lexical"", ""intent_stage"": ""commercial_investigation"", ""similarity_score"": 0.93}, {""keyword"": ""HR management software"", ""relationship_type"": ""lexical"", ""intent_stage"": ""commercial_investigation"", ""similarity_score"": 0.88}, {""keyword"": ""employee onboarding workflow"", ""relationship_type"": ""semantic"", ""intent_stage"": ""informational"", ""similarity_score"": 0.81}, {""keyword"": ""HR software for growing companies"", ""relationship_type"": ""intent"", ""intent_stage"": ""commercial_investigation"", ""similarity_score"": 0.75}, {""keyword"": ""HR software pricing comparison"", ""relationship_type"": ""intent"", ""intent_stage"": ""comparison"", ""similarity_score"": 0.71}, {""keyword"": ""candidate pipeline"", ""relationship_type"": ""semantic"", ""intent_stage"": ""informational"", ""similarity_score"": 0.65}, {""keyword"": ""compliance tracking"", ""relationship_type"": ""semantic"", ""intent_stage"": ""informational"", ""similarity_score"": 0.62}, {""keyword"": ""how to speed up hiring process"", ""relationship_type"": ""intent"", ""intent_stage"": ""informational"", ""similarity_score"": 0.62}]"
PulseHR,Hiring and HR Software,Employee lifecycle management for distributed teams,Custom pricing,4.0,1390,Integrates with major job boards and LinkedIn,Solid reporting on time-to-hire and pipeline health,Good candidate experience (portal + notifications),Configurable approval chains for offers,Support response times slow down on lower-tier plans,Reporting exports are clunky for large datasets,Organizations that need an easy setup and strong integrations,https://www.pulsehr.com,https://www.pulsehr.com/pricing,2026-03-20,158,hiring software,employee onboarding workflow,best applicant tracking system,"[{""keyword"": ""hiring software"", ""relationship_type"": ""lexical"", ""intent_stage"": ""commercial_investigation"", ""similarity_score"": 0.98}, {""keyword"": ""recruitment platform"", ""relationship_type"": ""lexical"", ""intent_stage"": ""commercial_investigation"", ""similarity_score"": 0.95}, {""keyword"": ""PulseHR reviews"", ""relationship_type"": ""lexical"", ""intent_stage"": ""comparison"", ""similarity_score"": 0.94}, {""keyword"": ""HR management software"", ""relationship_type"": ""lexical"", ""intent_stage"": ""commercial_investigation"", ""similarity_score"": 0.92}, {""keyword"": ""PulseHR pricing"", ""relationship_type"": ""lexical"", ""intent_stage"": ""commercial_investigation"", ""similarity_score"": 0.91}, {""keyword"": ""employee onboarding workflow"", ""relationship_type"": ""semantic"", ""intent_stage"": ""informational"", ""similarity_score"": 0.82}, {""keyword"": ""candidate pipeline"", ""relationship_type"": ""semantic"", ""intent_stage"": ""informational"", ""similarity_score"": 0.77}, {""keyword"": ""best applicant tracking system"", ""relationship_type"": ""intent"", ""intent_stage"": ""comparison"", ""similarity_score"": 0.68}, {""keyword"": ""how to speed up hiring process"", ""relationship_type"": ""intent"", ""intent_stage"": ""informational"", ""similarity_score"": 0.64}, {""keyword"": ""compliance tracking"", ""relationship_type"": ""semantic"", ""intent_stage"": ""informational"", ""similarity_score"": 0.63}, {""keyword"": ""HR software for growing companies"", ""relationship_type"": ""intent"", ""intent_stage"": ""commercial_investigation"", ""similarity_score"": 0.59}]"
Applicant360,Hiring and HR Software,Recruiting CRM for sourcing passive candidates,Custom pricing,4.7,741,Automated interview scheduling saves recruiter hours,Clean candidate pipeline visualization,Good candidate experience (portal + notifications),Configurable approval chains for offers,Limited customization for non-US compliance rules,Reporting exports are clunky for large datasets,Buyers who value clean reporting more than rock-bottom pricing,https://www.applicant360.com,https://www.applicant360.com/pricing,2026-06-27,59,HR management software,candidate pipeline,HR software for growing companies,"[{""keyword"": ""HR management software"", ""relationship_type"": ""lexical"", ""intent_stage"": ""commercial_investigation"", ""similarity_score"": 0.97}, {""keyword"": ""applicant tracking system"", ""relationship_type"": ""lexical"", ""intent_stage"": ""commercial_investigation"", ""similarity_score"": 0.95}, {""keyword"": ""Applicant360 pricing"", ""relationship_type"": ""lexical"", ""intent_stage"": ""commercial_investigation"", ""similarity_score"": 0.94}, {""keyword"": ""recruitment platform"", ""relationship_type"": ""lexical"", ""intent_stage"": ""commercial_investigation"", ""similarity_score"": 0.93}, {""keyword"": ""Applicant360 reviews"", ""relationship_type"": ""lexical"", ""intent_stage"": ""comparison"", ""similarity_score"": 0.91}, {""keyword"": ""candidate pipeline"", ""relationship_type"": ""semantic"", ""intent_stage"": ""informational"", ""similarity_score"": 0.84}, {""keyword"": ""employee onboarding workflow"", ""relationship_type"": ""semantic"", ""intent_stage"": ""informational"", ""similarity_score"": 0.83}, {""keyword"": ""HR software for growing companies"", ""relationship_type"": ""intent"", ""intent_stage"": ""commercial_investigation"", ""similarity_score"": 0.8}, {""keyword"": ""compliance tracking"", ""relationship_type"": ""semantic"", ""intent_stage"": ""informational"", ""similarity_score"": 0.69}, {""keyword"": ""HR software pricing comparison"", ""relationship_type"": ""intent"", ""intent_stage"": ""comparison"", ""similarity_score"": 0.66}, {""keyword"": ""best applicant tracking system"", ""relationship_type"": ""intent"", ""intent_stage"": ""comparison"", ""similarity_score"": 0.63}]"
Teambase HR,Hiring and HR Software,Employee lifecycle management for distributed teams,$0 (free tier),4.1,2387,Strong compliance and e-signature workflows,Good candidate experience (portal + notifications),Integrates with major job boards and LinkedIn,Solid reporting on time-to-hire and pipeline health,Onboarding module feels bolted-on compared to core ATS,Support response times slow down on lower-tier plans,Organizations that need flexible pricing and strong integrations,https://www.teambasehr.com,https://www.teambasehr.com/pricing,2026-08-23,2,applicant tracking system,candidate pipeline,HR software for growing companies,"[{""keyword"": ""applicant tracking system"", ""relationship_type"": ""lexical"", ""intent_stage"": ""commercial_investigation"", ""similarity_score"": 0.97}, {""keyword"": ""hiring software"", ""relationship_type"": ""lexical"", ""intent_stage"": ""commercial_investigation"", ""similarity_score"": 0.96}, {""keyword"": ""HR management software"", ""relationship_type"": ""lexical"", ""intent_stage"": ""commercial_investigation"", ""similarity_score"": 0.96}, {""keyword"": ""Teambase HR reviews"", ""relationship_type"": ""lexical"", ""intent_stage"": ""comparison"", ""similarity_score"": 0.95}, {""keyword"": ""Teambase HR pricing"", ""relationship_type"": ""lexical"", ""intent_stage"": ""commercial_investigation"", ""similarity_score"": 0.92}, {""keyword"": ""candidate pipeline"", ""relationship_type"": ""semantic"", ""intent_stage"": ""informational"", ""similarity_score"": 0.78}, {""keyword"": ""HR software for growing companies"", ""relationship_type"": ""intent"", ""intent_stage"": ""commercial_investigation"", ""similarity_score"": 0.78}, {""keyword"": ""interview scheduling"", ""relationship_type"": ""semantic"", ""intent_stage"": ""informational"", ""similarity_score"": 0.77}, {""keyword"": ""employee onboarding workflow"", ""relationship_type"": ""semantic"", ""intent_stage"": ""informational"", ""similarity_score"": 0.76}, {""keyword"": ""best applicant tracking system"", ""relationship_type"": ""intent"", ""intent_stage"": ""comparison"", ""similarity_score"": 0.71}, {""keyword"": ""how to speed up hiring process"", ""relationship_type"": ""intent"", ""intent_stage"": ""informational"", ""similarity_score"": 0.63}]"
Candidly,Hiring and HR Software,Employee lifecycle management for distributed teams,$0 (free tier),4.5,3044,Automated interview scheduling saves recruiter hours,Clean candidate pipeline visualization,Strong compliance and e-signature workflows,Good candidate experience (portal + notifications),Reporting exports are clunky for large datasets,Onboarding module feels bolted-on compared to core ATS,Growing companies that want clean reporting as they scale,https://www.candidly.com,https://www.candidly.com/pricing,2026-04-09,138,applicant tracking system,interview scheduling,best applicant tracking system,"[{""keyword"": ""applicant tracking system"", ""relationship_type"": ""lexical"", ""intent_stage"": ""commercial_investigation"", ""similarity_score"": 0.96}, {""keyword"": ""HR management software"", ""relationship_type"": ""lexical"", ""intent_stage"": ""commercial_investigation"", ""similarity_score"": 0.96}, {""keyword"": ""Candidly reviews"", ""relationship_type"": ""lexical"", ""intent_stage"": ""comparison"", ""similarity_score"": 0.95}, {""keyword"": ""Candidly pricing"", ""relationship_type"": ""lexical"", ""intent_stage"": ""commercial_investigation"", ""similarity_score"": 0.94}, {""keyword"": ""recruitment platform"", ""relationship_type"": ""lexical"", ""intent_stage"": ""commercial_investigation"", ""similarity_score"": 0.91}, {""keyword"": ""interview scheduling"", ""relationship_type"": ""semantic"", ""intent_stage"": ""informational"", ""similarity_score"": 0.83}, {""keyword"": ""employee onboarding workflow"", ""relationship_type"": ""semantic"", ""intent_stage"": ""informational"", ""similarity_score"": 0.83}, {""keyword"": ""candidate pipeline"", ""relationship_type"": ""semantic"", ""intent_stage"": ""informational"", ""similarity_score"": 0.65}, {""keyword"": ""best applicant tracking system"", ""relationship_type"": ""intent"", ""intent_stage"": ""comparison"", ""similarity_score"": 0.65}, {""keyword"": ""HR software for growing companies"", ""relationship_type"": ""intent"", ""intent_stage"": ""commercial_investigation"", ""similarity_score"": 0.62}, {""keyword"": ""HR software pricing comparison"", ""relationship_type"": ""intent"", ""intent_stage"": ""comparison"", ""similarity_score"": 0.57}]"
Hivemind HR,Hiring and HR Software,Applicant tracking built for high-volume recruiting,$11/employee/mo,4.3,3112,Solid reporting on time-to-hire and pipeline health,Strong compliance and e-signature workflows,Good candidate experience (portal + notifications),Configurable approval chains for offers,Support response times slow down on lower-tier plans,Onboarding module feels bolted-on compared to core ATS,Growing companies that want a polished user experience as they scale,https://www.hivemindhr.com,https://www.hivemindhr.com/pricing,2026-08-19,6,Hivemind HR pricing,candidate pipeline,best applicant tracking system,"[{""keyword"": ""Hivemind HR pricing"", ""relationship_type"": ""lexical"", ""intent_stage"": ""commercial_investigation"", ""similarity_score"": 0.96}, {""keyword"": ""applicant tracking system"", ""relationship_type"": ""lexical"", ""intent_stage"": ""commercial_investigation"", ""similarity_score"": 0.94}, {""keyword"": ""recruitment platform"", ""relationship_type"": ""lexical"", ""intent_stage"": ""commercial_investigation"", ""similarity_score"": 0.94}, {""keyword"": ""Hivemind HR reviews"", ""relationship_type"": ""lexical"", ""intent_stage"": ""comparison"", ""similarity_score"": 0.94}, {""keyword"": ""hiring software"", ""relationship_type"": ""lexical"", ""intent_stage"": ""commercial_investigation"", ""similarity_score"": 0.93}, {""keyword"": ""candidate pipeline"", ""relationship_type"": ""semantic"", ""intent_stage"": ""informational"", ""similarity_score"": 0.83}, {""keyword"": ""best applicant tracking system"", ""relationship_type"": ""intent"", ""intent_stage"": ""comparison"", ""similarity_score"": 0.79}, {""keyword"": ""interview scheduling"", ""relationship_type"": ""semantic"", ""intent_stage"": ""informational"", ""similarity_score"": 0.73}, {""keyword"": ""compliance tracking"", ""relationship_type"": ""semantic"", ""intent_stage"": ""informational"", ""similarity_score"": 0.69}, {""keyword"": ""how to speed up hiring process"", ""relationship_type"": ""intent"", ""intent_stage"": ""informational"", ""similarity_score"": 0.65}, {""keyword"": ""HR software pricing comparison"", ""relationship_type"": ""intent"", ""intent_stage"": ""comparison"", ""similarity_score"": 0.64}]"
Payroute HR,Hiring and HR Software,Compliance-first HR platform for regulated industries,$14/employee/mo,4.3,3085,Solid reporting on time-to-hire and pipeline health,Automated interview scheduling saves recruiter hours,Configurable approval chains for offers,Clean candidate pipeline visualization,Reporting exports are clunky for large datasets,Support response times slow down on lower-tier plans,Organizations that need flexible pricing and strong integrations,https://www.payroutehr.com,https://www.payroutehr.com/pricing,2026-08-17,8,Payroute HR pricing,candidate pipeline,HR software pricing comparison,"[{""keyword"": ""Payroute HR pricing"", ""relationship_type"": ""lexical"", ""intent_stage"": ""commercial_investigation"", ""similarity_score"": 0.99}, {""keyword"": ""applicant tracking system"", ""relationship_type"": ""lexical"", ""intent_stage"": ""commercial_investigation"", ""similarity_score"": 0.92}, {""keyword"": ""HR management software"", ""relationship_type"": ""lexical"", ""intent_stage"": ""commercial_investigation"", ""similarity_score"": 0.92}, {""keyword"": ""Payroute HR reviews"", ""relationship_type"": ""lexical"", ""intent_stage"": ""comparison"", ""similarity_score"": 0.91}, {""keyword"": ""hiring software"", ""relationship_type"": ""lexical"", ""intent_stage"": ""commercial_investigation"", ""similarity_score"": 0.9}, {""keyword"": ""candidate pipeline"", ""relationship_type"": ""semantic"", ""intent_stage"": ""informational"", ""similarity_score"": 0.83}, {""keyword"": ""employee onboarding workflow"", ""relationship_type"": ""semantic"", ""intent_stage"": ""informational"", ""similarity_score"": 0.83}, {""keyword"": ""HR software pricing comparison"", ""relationship_type"": ""intent"", ""intent_stage"": ""comparison"", ""similarity_score"": 0.71}, {""keyword"": ""how to speed up hiring process"", ""relationship_type"": ""intent"", ""intent_stage"": ""informational"", ""similarity_score"": 0.7}, {""keyword"": ""interview scheduling"", ""relationship_type"": ""semantic"", ""intent_stage"": ""informational"", ""similarity_score"": 0.68}, {""keyword"": ""best applicant tracking system"", ""relationship_type"": ""intent"", ""intent_stage"": ""comparison"", ""similarity_score"": 0.56}]"
Ticketa,Event Registration and Ticketing Software,Hybrid event registration with virtual attendee portals,2.5% + $0.99/ticket,4.9,2357,Flexible ticket tiers and discount code management,Fast on-site check-in with QR/badge scanning,Reliable payment processing with low failure rates,Strong integrations with CRM and email marketing tools,Limited customization on the mobile check-in app,Per-ticket fees add up for high-volume free events,Small teams prioritizing clean reporting over deep customization,https://www.ticketa.com,https://www.ticketa.com/pricing,2026-03-26,152,event ticketing software,badge printing,event ticketing platform pricing,"[{""keyword"": ""event ticketing software"", ""relationship_type"": ""lexical"", ""intent_stage"": ""commercial_investigation"", ""similarity_score"": 0.98}, {""keyword"": ""conference registration software"", ""relationship_type"": ""lexical"", ""intent_stage"": ""commercial_investigation"", ""similarity_score"": 0.96}, {""keyword"": ""Ticketa reviews"", ""relationship_type"": ""lexical"", ""intent_stage"": ""comparison"", ""similarity_score"": 0.96}, {""keyword"": ""event registration platform"", ""relationship_type"": ""lexical"", ""intent_stage"": ""commercial_investigation"", ""similarity_score"": 0.93}, {""keyword"": ""Ticketa pricing"", ""relationship_type"": ""lexical"", ""intent_stage"": ""commercial_investigation"", ""similarity_score"": 0.91}, {""keyword"": ""badge printing"", ""relationship_type"": ""semantic"", ""intent_stage"": ""informational"", ""similarity_score"": 0.79}, {""keyword"": ""ticket tier setup"", ""relationship_type"": ""semantic"", ""intent_stage"": ""informational"", ""similarity_score"": 0.69}, {""keyword"": ""attendee check-in"", ""relationship_type"": ""semantic"", ""intent_stage"": ""informational"", ""similarity_score"": 0.67}, {""keyword"": ""event ticketing platform pricing"", ""relationship_type"": ""intent"", ""intent_stage"": ""comparison"", ""similarity_score"": 0.66}, {""keyword"": ""event ticketing software for small venues"", ""relationship_type"": ""intent"", ""intent_stage"": ""commercial_investigation"", ""similarity_score"": 0.58}, {""keyword"": ""how to set up event registration"", ""relationship_type"": ""intent"", ""intent_stage"": ""informational"", ""similarity_score"": 0.58}]"
Attendly,Event Registration and Ticketing Software,End-to-end registration and badge printing for conferences,$99/mo flat,4.3,1527,Reliable payment processing with low failure rates,Strong integrations with CRM and email marketing tools,Fast on-site check-in with QR/badge scanning,Real-time attendee analytics dashboard,Limited customization on the mobile check-in app,Onboarding for complex multi-day events takes time,Teams that need flexible pricing without a long implementation cycle,https://www.attendly.com,https://www.attendly.com/pricing,2026-04-30,117,event ticketing software,ticket tier setup,event ticketing software for small venues,"[{""keyword"": ""event ticketing software"", ""relationship_type"": ""lexical"", ""intent_stage"": ""commercial_investigation"", ""similarity_score"": 0.96}, {""keyword"": ""Attendly pricing"", ""relationship_type"": ""lexical"", ""intent_stage"": ""commercial_investigation"", ""similarity_score"": 0.96}, {""keyword"": ""conference registration software"", ""relationship_type"": ""lexical"", ""intent_stage"": ""commercial_investigation"", ""similarity_score"": 0.92}, {""keyword"": ""Attendly reviews"", ""relationship_type"": ""lexical"", ""intent_stage"": ""comparison"", ""similarity_score"": 0.92}, {""keyword"": ""event registration platform"", ""relationship_type"": ""lexical"", ""intent_stage"": ""commercial_investigation"", ""similarity_score"": 0.89}, {""keyword"": ""ticket tier setup"", ""relationship_type"": ""semantic"", ""intent_stage"": ""informational"", ""similarity_score"": 0.76}, {""keyword"": ""event ticketing software for small venues"", ""relationship_type"": ""intent"", ""intent_stage"": ""commercial_investigation"", ""similarity_score"": 0.7}, {""keyword"": ""badge printing"", ""relationship_type"": ""semantic"", ""intent_stage"": ""informational"", ""similarity_score"": 0.68}, {""keyword"": ""best event registration software"", ""relationship_type"": ""intent"", ""intent_stage"": ""comparison"", ""similarity_score"": 0.66}, {""keyword"": ""attendee check-in"", ""relationship_type"": ""semantic"", ""intent_stage"": ""informational"", ""similarity_score"": 0.63}, {""keyword"": ""event ticketing platform pricing"", ""relationship_type"": ""intent"", ""intent_stage"": ""comparison"", ""similarity_score"": 0.57}]"
Gatherfy,Event Registration and Ticketing Software,Mobile check-in and access control for large festivals,Free for free events,4.8,2711,Strong integrations with CRM and email marketing tools,Reliable payment processing with low failure rates,Flexible ticket tiers and discount code management,Real-time attendee analytics dashboard,Refund/waitlist workflows feel manual,Per-ticket fees add up for high-volume free events,Organizations that need fast onboarding and strong integrations,https://www.gatherfy.com,https://www.gatherfy.com/pricing,2026-05-01,116,Gatherfy pricing,ticket tier setup,best event registration software,"[{""keyword"": ""Gatherfy pricing"", ""relationship_type"": ""lexical"", ""intent_stage"": ""commercial_investigation"", ""similarity_score"": 0.99}, {""keyword"": ""Gatherfy reviews"", ""relationship_type"": ""lexical"", ""intent_stage"": ""comparison"", ""similarity_score"": 0.94}, {""keyword"": ""conference registration software"", ""relationship_type"": ""lexical"", ""intent_stage"": ""commercial_investigation"", ""similarity_score"": 0.91}, {""keyword"": ""event registration platform"", ""relationship_type"": ""lexical"", ""intent_stage"": ""commercial_investigation"", ""similarity_score"": 0.91}, {""keyword"": ""event ticketing software"", ""relationship_type"": ""lexical"", ""intent_stage"": ""commercial_investigation"", ""similarity_score"": 0.91}, {""keyword"": ""ticket tier setup"", ""relationship_type"": ""semantic"", ""intent_stage"": ""informational"", ""similarity_score"": 0.8}, {""keyword"": ""best event registration software"", ""relationship_type"": ""intent"", ""intent_stage"": ""comparison"", ""similarity_score"": 0.7}, {""keyword"": ""how to set up event registration"", ""relationship_type"": ""intent"", ""intent_stage"": ""informational"", ""similarity_score"": 0.69}, {""keyword"": ""attendee check-in"", ""relationship_type"": ""semantic"", ""intent_stage"": ""informational"", ""similarity_score"": 0.64}, {""keyword"": ""hybrid event management"", ""relationship_type"": ""semantic"", ""intent_stage"": ""informational"", ""similarity_score"": 0.64}, {""keyword"": ""event ticketing platform pricing"", ""relationship_type"": ""intent"", ""intent_stage"": ""comparison"", ""similarity_score"": 0.63}]"
RegistrHub,Event Registration and Ticketing Software,End-to-end registration and badge printing for conferences,$99/mo flat,4.3,2770,Strong integrations with CRM and email marketing tools,Real-time attendee analytics dashboard,Fast on-site check-in with QR/badge scanning,Good branding/white-labeling on registration pages,Onboarding for complex multi-day events takes time,Limited customization on the mobile check-in app,Teams that need great support without a long implementation cycle,https://www.registrhub.com,https://www.registrhub.com/pricing,2026-07-17,39,event ticketing software,attendee check-in,how to set up event registration,"[{""keyword"": ""event ticketing software"", ""relationship_type"": ""lexical"", ""intent_stage"": ""commercial_investigation"", ""similarity_score"": 0.94}, {""keyword"": ""RegistrHub pricing"", ""relationship_type"": ""lexical"", ""intent_stage"": ""commercial_investigation"", ""similarity_score"": 0.93}, {""keyword"": ""conference registration software"", ""relationship_type"": ""lexical"", ""intent_stage"": ""commercial_investigation"", ""similarity_score"": 0.92}, {""keyword"": ""RegistrHub reviews"", ""relationship_type"": ""lexical"", ""intent_stage"": ""comparison"", ""similarity_score"": 0.9}, {""keyword"": ""ticketing tool"", ""relationship_type"": ""lexical"", ""intent_stage"": ""commercial_investigation"", ""similarity_score"": 0.89}, {""keyword"": ""attendee check-in"", ""relationship_type"": ""semantic"", ""intent_stage"": ""informational"", ""similarity_score"": 0.77}, {""keyword"": ""hybrid event management"", ""relationship_type"": ""semantic"", ""intent_stage"": ""informational"", ""similarity_score"": 0.76}, {""keyword"": ""ticket tier setup"", ""relationship_type"": ""semantic"", ""intent_stage"": ""informational"", ""similarity_score"": 0.75}, {""keyword"": ""how to set up event registration"", ""relationship_type"": ""intent"", ""intent_stage"": ""informational"", ""similarity_score"": 0.73}, {""keyword"": ""event ticketing platform pricing"", ""relationship_type"": ""intent"", ""intent_stage"": ""comparison"", ""similarity_score"": 0.63}, {""keyword"": ""event ticketing software for small venues"", ""relationship_type"": ""intent"", ""intent_stage"": ""commercial_investigation"", ""similarity_score"": 0.63}]"
PassPortal,Event Registration and Ticketing Software,End-to-end registration and badge printing for conferences,2.5% + $0.99/ticket,4.8,2364,Solid support for multi-session/track events,Real-time attendee analytics dashboard,Fast on-site check-in with QR/badge scanning,Flexible ticket tiers and discount code management,Per-ticket fees add up for high-volume free events,Refund/waitlist workflows feel manual,Buyers who value great support more than rock-bottom pricing,https://www.passportal.com,https://www.passportal.com/pricing,2026-05-21,96,PassPortal pricing,attendee check-in,event ticketing platform pricing,"[{""keyword"": ""PassPortal pricing"", ""relationship_type"": ""lexical"", ""intent_stage"": ""commercial_investigation"", ""similarity_score"": 0.98}, {""keyword"": ""PassPortal reviews"", ""relationship_type"": ""lexical"", ""intent_stage"": ""comparison"", ""similarity_score"": 0.93}, {""keyword"": ""event registration platform"", ""relationship_type"": ""lexical"", ""intent_stage"": ""commercial_investigation"", ""similarity_score"": 0.91}, {""keyword"": ""ticketing tool"", ""relationship_type"": ""lexical"", ""intent_stage"": ""commercial_investigation"", ""similarity_score"": 0.91}, {""keyword"": ""conference registration software"", ""relationship_type"": ""lexical"", ""intent_stage"": ""commercial_investigation"", ""similarity_score"": 0.9}, {""keyword"": ""attendee check-in"", ""relationship_type"": ""semantic"", ""intent_stage"": ""informational"", ""similarity_score"": 0.79}, {""keyword"": ""event ticketing platform pricing"", ""relationship_type"": ""intent"", ""intent_stage"": ""comparison"", ""similarity_score"": 0.67}, {""keyword"": ""best event registration software"", ""relationship_type"": ""intent"", ""intent_stage"": ""comparison"", ""similarity_score"": 0.66}, {""keyword"": ""hybrid event management"", ""relationship_type"": ""semantic"", ""intent_stage"": ""informational"", ""similarity_score"": 0.64}, {""keyword"": ""ticket tier setup"", ""relationship_type"": ""semantic"", ""intent_stage"": ""informational"", ""similarity_score"": 0.63}, {""keyword"": ""event ticketing software for small venues"", ""relationship_type"": ""intent"", ""intent_stage"": ""commercial_investigation"", ""similarity_score"": 0.62}]"
Eventframe,Event Registration and Ticketing Software,Enterprise registration with complex approval workflows,Free for free events,4.2,499,Good branding/white-labeling on registration pages,Solid support for multi-session/track events,Reliable payment processing with low failure rates,Real-time attendee analytics dashboard,Onboarding for complex multi-day events takes time,Per-ticket fees add up for high-volume free events,Growing companies that want enterprise-grade compliance as they scale,https://www.eventframe.com,https://www.eventframe.com/pricing,2026-03-25,153,Eventframe pricing,hybrid event management,best event registration software,"[{""keyword"": ""Eventframe pricing"", ""relationship_type"": ""lexical"", ""intent_stage"": ""commercial_investigation"", ""similarity_score"": 0.92}, {""keyword"": ""event ticketing software"", ""relationship_type"": ""lexical"", ""intent_stage"": ""commercial_investigation"", ""similarity_score"": 0.91}, {""keyword"": ""Eventframe reviews"", ""relationship_type"": ""lexical"", ""intent_stage"": ""comparison"", ""similarity_score"": 0.91}, {""keyword"": ""conference registration software"", ""relationship_type"": ""lexical"", ""intent_stage"": ""commercial_investigation"", ""similarity_score"": 0.9}, {""keyword"": ""ticketing tool"", ""relationship_type"": ""lexical"", ""intent_stage"": ""commercial_investigation"", ""similarity_score"": 0.89}, {""keyword"": ""hybrid event management"", ""relationship_type"": ""semantic"", ""intent_stage"": ""informational"", ""similarity_score"": 0.77}, {""keyword"": ""best event registration software"", ""relationship_type"": ""intent"", ""intent_stage"": ""comparison"", ""similarity_score"": 0.77}, {""keyword"": ""badge printing"", ""relationship_type"": ""semantic"", ""intent_stage"": ""informational"", ""similarity_score"": 0.7}, {""keyword"": ""attendee check-in"", ""relationship_type"": ""semantic"", ""intent_stage"": ""informational"", ""similarity_score"": 0.66}, {""keyword"": ""how to set up event registration"", ""relationship_type"": ""intent"", ""intent_stage"": ""informational"", ""similarity_score"": 0.56}, {""keyword"": ""event ticketing software for small venues"", ""relationship_type"": ""intent"", ""intent_stage"": ""commercial_investigation"", ""similarity_score"": 0.55}]"
Ticklane,Event Registration and Ticketing Software,End-to-end registration and badge printing for conferences,$1.50/ticket,4.5,2393,Real-time attendee analytics dashboard,Solid support for multi-session/track events,Strong integrations with CRM and email marketing tools,Good branding/white-labeling on registration pages,Per-ticket fees add up for high-volume free events,Limited customization on the mobile check-in app,Teams that need fast onboarding without a long implementation cycle,https://www.ticklane.com,https://www.ticklane.com/pricing,2026-07-13,43,ticketing tool,badge printing,how to set up event registration,"[{""keyword"": ""ticketing tool"", ""relationship_type"": ""lexical"", ""intent_stage"": ""commercial_investigation"", ""similarity_score"": 0.96}, {""keyword"": ""Ticklane pricing"", ""relationship_type"": ""lexical"", ""intent_stage"": ""commercial_investigation"", ""similarity_score"": 0.95}, {""keyword"": ""Ticklane reviews"", ""relationship_type"": ""lexical"", ""intent_stage"": ""comparison"", ""similarity_score"": 0.93}, {""keyword"": ""event registration platform"", ""relationship_type"": ""lexical"", ""intent_stage"": ""commercial_investigation"", ""similarity_score"": 0.9}, {""keyword"": ""conference registration software"", ""relationship_type"": ""lexical"", ""intent_stage"": ""commercial_investigation"", ""similarity_score"": 0.89}, {""keyword"": ""badge printing"", ""relationship_type"": ""semantic"", ""intent_stage"": ""informational"", ""similarity_score"": 0.79}, {""keyword"": ""how to set up event registration"", ""relationship_type"": ""intent"", ""intent_stage"": ""informational"", ""similarity_score"": 0.78}, {""keyword"": ""event ticketing platform pricing"", ""relationship_type"": ""intent"", ""intent_stage"": ""comparison"", ""similarity_score"": 0.73}, {""keyword"": ""ticket tier setup"", ""relationship_type"": ""semantic"", ""intent_stage"": ""informational"", ""similarity_score"": 0.67}, {""keyword"": ""hybrid event management"", ""relationship_type"": ""semantic"", ""intent_stage"": ""informational"", ""similarity_score"": 0.64}, {""keyword"": ""best event registration software"", ""relationship_type"": ""intent"", ""intent_stage"": ""comparison"", ""similarity_score"": 0.64}]"
Rosterpoint,Event Registration and Ticketing Software,Mobile check-in and access control for large festivals,2.5% + $0.99/ticket,4.1,644,Good branding/white-labeling on registration pages,Flexible ticket tiers and discount code management,Solid support for multi-session/track events,Reliable payment processing with low failure rates,Per-ticket fees add up for high-volume free events,Refund/waitlist workflows feel manual,Organizations that need a polished user experience and strong integrations,https://www.rosterpoint.com,https://www.rosterpoint.com/pricing,2026-04-03,144,conference registration software,attendee check-in,event ticketing software for small venues,"[{""keyword"": ""conference registration software"", ""relationship_type"": ""lexical"", ""intent_stage"": ""commercial_investigation"", ""similarity_score"": 0.97}, {""keyword"": ""ticketing tool"", ""relationship_type"": ""lexical"", ""intent_stage"": ""commercial_investigation"", ""similarity_score"": 0.94}, {""keyword"": ""Rosterpoint reviews"", ""relationship_type"": ""lexical"", ""intent_stage"": ""comparison"", ""similarity_score"": 0.92}, {""keyword"": ""Rosterpoint pricing"", ""relationship_type"": ""lexical"", ""intent_stage"": ""commercial_investigation"", ""similarity_score"": 0.91}, {""keyword"": ""event registration platform"", ""relationship_type"": ""lexical"", ""intent_stage"": ""commercial_investigation"", ""similarity_score"": 0.9}, {""keyword"": ""event ticketing software for small venues"", ""relationship_type"": ""intent"", ""intent_stage"": ""commercial_investigation"", ""similarity_score"": 0.77}, {""keyword"": ""how to set up event registration"", ""relationship_type"": ""intent"", ""intent_stage"": ""informational"", ""similarity_score"": 0.76}, {""keyword"": ""attendee check-in"", ""relationship_type"": ""semantic"", ""intent_stage"": ""informational"", ""similarity_score"": 0.72}, {""keyword"": ""hybrid event management"", ""relationship_type"": ""semantic"", ""intent_stage"": ""informational"", ""similarity_score"": 0.7}, {""keyword"": ""badge printing"", ""relationship_type"": ""semantic"", ""intent_stage"": ""informational"", ""similarity_score"": 0.64}, {""keyword"": ""event ticketing platform pricing"", ""relationship_type"": ""intent"", ""intent_stage"": ""comparison"", ""similarity_score"": 0.57}]"
Convene360,Event Registration and Ticketing Software,End-to-end registration and badge printing for conferences,$249/mo flat,4.5,1619,Real-time attendee analytics dashboard,Reliable payment processing with low failure rates,Solid support for multi-session/track events,Fast on-site check-in with QR/badge scanning,Refund/waitlist workflows feel manual,Onboarding for complex multi-day events takes time,Growing companies that want fast onboarding as they scale,https://www.convene360.com,https://www.convene360.com/pricing,2026-03-24,154,conference registration software,ticket tier setup,event ticketing software for small venues,"[{""keyword"": ""conference registration software"", ""relationship_type"": ""lexical"", ""intent_stage"": ""commercial_investigation"", ""similarity_score"": 0.98}, {""keyword"": ""Convene360 pricing"", ""relationship_type"": ""lexical"", ""intent_stage"": ""commercial_investigation"", ""similarity_score"": 0.98}, {""keyword"": ""Convene360 reviews"", ""relationship_type"": ""lexical"", ""intent_stage"": ""comparison"", ""similarity_score"": 0.97}, {""keyword"": ""event ticketing software"", ""relationship_type"": ""lexical"", ""intent_stage"": ""commercial_investigation"", ""similarity_score"": 0.96}, {""keyword"": ""ticketing tool"", ""relationship_type"": ""lexical"", ""intent_stage"": ""commercial_investigation"", ""similarity_score"": 0.93}, {""keyword"": ""ticket tier setup"", ""relationship_type"": ""semantic"", ""intent_stage"": ""informational"", ""similarity_score"": 0.84}, {""keyword"": ""hybrid event management"", ""relationship_type"": ""semantic"", ""intent_stage"": ""informational"", ""similarity_score"": 0.78}, {""keyword"": ""event ticketing software for small venues"", ""relationship_type"": ""intent"", ""intent_stage"": ""commercial_investigation"", ""similarity_score"": 0.78}, {""keyword"": ""best event registration software"", ""relationship_type"": ""intent"", ""intent_stage"": ""comparison"", ""similarity_score"": 0.74}, {""keyword"": ""event ticketing platform pricing"", ""relationship_type"": ""intent"", ""intent_stage"": ""comparison"", ""similarity_score"": 0.65}, {""keyword"": ""attendee check-in"", ""relationship_type"": ""semantic"", ""intent_stage"": ""informational"", ""similarity_score"": 0.63}]"
Boothly,Event Registration and Ticketing Software,Mobile check-in and access control for large festivals,$249/mo flat,4.0,2629,Solid support for multi-session/track events,Good branding/white-labeling on registration pages,Fast on-site check-in with QR/badge scanning,Strong integrations with CRM and email marketing tools,Per-ticket fees add up for high-volume free events,Onboarding for complex multi-day events takes time,Organizations that need flexible pricing and strong integrations,https://www.boothly.com,https://www.boothly.com/pricing,2026-06-22,64,Boothly pricing,hybrid event management,event ticketing software for small venues,"[{""keyword"": ""Boothly pricing"", ""relationship_type"": ""lexical"", ""intent_stage"": ""commercial_investigation"", ""similarity_score"": 0.99}, {""keyword"": ""event registration platform"", ""relationship_type"": ""lexical"", ""intent_stage"": ""commercial_investigation"", ""similarity_score"": 0.94}, {""keyword"": ""Boothly reviews"", ""relationship_type"": ""lexical"", ""intent_stage"": ""comparison"", ""similarity_score"": 0.94}, {""keyword"": ""event ticketing software"", ""relationship_type"": ""lexical"", ""intent_stage"": ""commercial_investigation"", ""similarity_score"": 0.91}, {""keyword"": ""conference registration software"", ""relationship_type"": ""lexical"", ""intent_stage"": ""commercial_investigation"", ""similarity_score"": 0.89}, {""keyword"": ""hybrid event management"", ""relationship_type"": ""semantic"", ""intent_stage"": ""informational"", ""similarity_score"": 0.79}, {""keyword"": ""event ticketing software for small venues"", ""relationship_type"": ""intent"", ""intent_stage"": ""commercial_investigation"", ""similarity_score"": 0.71}, {""keyword"": ""attendee check-in"", ""relationship_type"": ""semantic"", ""intent_stage"": ""informational"", ""similarity_score"": 0.7}, {""keyword"": ""ticket tier setup"", ""relationship_type"": ""semantic"", ""intent_stage"": ""informational"", ""similarity_score"": 0.69}, {""keyword"": ""best event registration software"", ""relationship_type"": ""intent"", ""intent_stage"": ""comparison"", ""similarity_score"": 0.66}, {""keyword"": ""how to set up event registration"", ""relationship_type"": ""intent"", ""intent_stage"": ""informational"", ""similarity_score"": 0.64}]"
Checkpointe,Event Registration and Ticketing Software,Hybrid event registration with virtual attendee portals,$1.50/ticket,4.1,922,Good branding/white-labeling on registration pages,Real-time attendee analytics dashboard,Flexible ticket tiers and discount code management,Reliable payment processing with low failure rates,Limited customization on the mobile check-in app,Per-ticket fees add up for high-volume free events,Teams that need flexible pricing without a long implementation cycle,https://www.checkpointe.com,https://www.checkpointe.com/pricing,2026-07-31,25,event ticketing software,ticket tier setup,best event registration software,"[{""keyword"": ""event ticketing software"", ""relationship_type"": ""lexical"", ""intent_stage"": ""commercial_investigation"", ""similarity_score"": 0.97}, {""keyword"": ""ticketing tool"", ""relationship_type"": ""lexical"", ""intent_stage"": ""commercial_investigation"", ""similarity_score"": 0.94}, {""keyword"": ""event registration platform"", ""relationship_type"": ""lexical"", ""intent_stage"": ""commercial_investigation"", ""similarity_score"": 0.94}, {""keyword"": ""Checkpointe pricing"", ""relationship_type"": ""lexical"", ""intent_stage"": ""commercial_investigation"", ""similarity_score"": 0.91}, {""keyword"": ""Checkpointe reviews"", ""relationship_type"": ""lexical"", ""intent_stage"": ""comparison"", ""similarity_score"": 0.9}, {""keyword"": ""ticket tier setup"", ""relationship_type"": ""semantic"", ""intent_stage"": ""informational"", ""similarity_score"": 0.78}, {""keyword"": ""best event registration software"", ""relationship_type"": ""intent"", ""intent_stage"": ""comparison"", ""similarity_score"": 0.75}, {""keyword"": ""event ticketing platform pricing"", ""relationship_type"": ""intent"", ""intent_stage"": ""comparison"", ""similarity_score"": 0.74}, {""keyword"": ""hybrid event management"", ""relationship_type"": ""semantic"", ""intent_stage"": ""informational"", ""similarity_score"": 0.7}, {""keyword"": ""badge printing"", ""relationship_type"": ""semantic"", ""intent_stage"": ""informational"", ""similarity_score"": 0.63}, {""keyword"": ""event ticketing software for small venues"", ""relationship_type"": ""intent"", ""intent_stage"": ""commercial_investigation"", ""similarity_score"": 0.61}]"
Fanline,Event Registration and Ticketing Software,Ticketing platform built for recurring community events,$1.50/ticket,4.9,1966,Strong integrations with CRM and email marketing tools,Flexible ticket tiers and discount code management,Good branding/white-labeling on registration pages,Real-time attendee analytics dashboard,Refund/waitlist workflows feel manual,Limited customization on the mobile check-in app,Organizations that need enterprise-grade compliance and strong integrations,https://www.fanline.com,https://www.fanline.com/pricing,2026-07-15,41,event registration platform,ticket tier setup,event ticketing software for small venues,"[{""keyword"": ""event registration platform"", ""relationship_type"": ""lexical"", ""intent_stage"": ""commercial_investigation"", ""similarity_score"": 0.97}, {""keyword"": ""Fanline reviews"", ""relationship_type"": ""lexical"", ""intent_stage"": ""comparison"", ""similarity_score"": 0.96}, {""keyword"": ""event ticketing software"", ""relationship_type"": ""lexical"", ""intent_stage"": ""commercial_investigation"", ""similarity_score"": 0.93}, {""keyword"": ""Fanline pricing"", ""relationship_type"": ""lexical"", ""intent_stage"": ""commercial_investigation"", ""similarity_score"": 0.93}, {""keyword"": ""ticketing tool"", ""relationship_type"": ""lexical"", ""intent_stage"": ""commercial_investigation"", ""similarity_score"": 0.89}, {""keyword"": ""ticket tier setup"", ""relationship_type"": ""semantic"", ""intent_stage"": ""informational"", ""similarity_score"": 0.82}, {""keyword"": ""attendee check-in"", ""relationship_type"": ""semantic"", ""intent_stage"": ""informational"", ""similarity_score"": 0.79}, {""keyword"": ""event ticketing software for small venues"", ""relationship_type"": ""intent"", ""intent_stage"": ""commercial_investigation"", ""similarity_score"": 0.79}, {""keyword"": ""badge printing"", ""relationship_type"": ""semantic"", ""intent_stage"": ""informational"", ""similarity_score"": 0.68}, {""keyword"": ""how to set up event registration"", ""relationship_type"": ""intent"", ""intent_stage"": ""informational"", ""similarity_score"": 0.66}, {""keyword"": ""event ticketing platform pricing"", ""relationship_type"": ""intent"", ""intent_stage"": ""comparison"", ""similarity_score"": 0.61}]"
Gatecount,Event Registration and Ticketing Software,Hybrid event registration with virtual attendee portals,Free for free events,4.3,1668,Reliable payment processing with low failure rates,Good branding/white-labeling on registration pages,Flexible ticket tiers and discount code management,Real-time attendee analytics dashboard,Per-ticket fees add up for high-volume free events,Limited customization on the mobile check-in app,Growing companies that want an easy setup as they scale,https://www.gatecount.com,https://www.gatecount.com/pricing,2026-06-05,81,Gatecount pricing,badge printing,how to set up event registration,"[{""keyword"": ""Gatecount pricing"", ""relationship_type"": ""lexical"", ""intent_stage"": ""commercial_investigation"", ""similarity_score"": 0.97}, {""keyword"": ""event ticketing software"", ""relationship_type"": ""lexical"", ""intent_stage"": ""commercial_investigation"", ""similarity_score"": 0.96}, {""keyword"": ""Gatecount reviews"", ""relationship_type"": ""lexical"", ""intent_stage"": ""comparison"", ""similarity_score"": 0.94}, {""keyword"": ""event registration platform"", ""relationship_type"": ""lexical"", ""intent_stage"": ""commercial_investigation"", ""similarity_score"": 0.91}, {""keyword"": ""ticketing tool"", ""relationship_type"": ""lexical"", ""intent_stage"": ""commercial_investigation"", ""similarity_score"": 0.89}, {""keyword"": ""how to set up event registration"", ""relationship_type"": ""intent"", ""intent_stage"": ""informational"", ""similarity_score"": 0.73}, {""keyword"": ""badge printing"", ""relationship_type"": ""semantic"", ""intent_stage"": ""informational"", ""similarity_score"": 0.72}, {""keyword"": ""best event registration software"", ""relationship_type"": ""intent"", ""intent_stage"": ""comparison"", ""similarity_score"": 0.69}, {""keyword"": ""event ticketing platform pricing"", ""relationship_type"": ""intent"", ""intent_stage"": ""comparison"", ""similarity_score"": 0.68}, {""keyword"": ""ticket tier setup"", ""relationship_type"": ""semantic"", ""intent_stage"": ""informational"", ""similarity_score"": 0.64}, {""keyword"": ""hybrid event management"", ""relationship_type"": ""semantic"", ""intent_stage"": ""informational"", ""similarity_score"": 0.62}]"
Passworks,Event Registration and Ticketing Software,End-to-end registration and badge printing for conferences,$1.50/ticket,4.1,544,Fast on-site check-in with QR/badge scanning,Flexible ticket tiers and discount code management,Real-time attendee analytics dashboard,Reliable payment processing with low failure rates,Per-ticket fees add up for high-volume free events,Refund/waitlist workflows feel manual,Organizations that need an easy setup and strong integrations,https://www.passworks.com,https://www.passworks.com/pricing,2026-03-17,161,Passworks pricing,hybrid event management,event ticketing software for small venues,"[{""keyword"": ""Passworks pricing"", ""relationship_type"": ""lexical"", ""intent_stage"": ""commercial_investigation"", ""similarity_score"": 0.95}, {""keyword"": ""event ticketing software"", ""relationship_type"": ""lexical"", ""intent_stage"": ""commercial_investigation"", ""similarity_score"": 0.92}, {""keyword"": ""event registration platform"", ""relationship_type"": ""lexical"", ""intent_stage"": ""commercial_investigation"", ""similarity_score"": 0.91}, {""keyword"": ""Passworks reviews"", ""relationship_type"": ""lexical"", ""intent_stage"": ""comparison"", ""similarity_score"": 0.9}, {""keyword"": ""ticketing tool"", ""relationship_type"": ""lexical"", ""intent_stage"": ""commercial_investigation"", ""similarity_score"": 0.88}, {""keyword"": ""hybrid event management"", ""relationship_type"": ""semantic"", ""intent_stage"": ""informational"", ""similarity_score"": 0.74}, {""keyword"": ""badge printing"", ""relationship_type"": ""semantic"", ""intent_stage"": ""informational"", ""similarity_score"": 0.73}, {""keyword"": ""event ticketing software for small venues"", ""relationship_type"": ""intent"", ""intent_stage"": ""commercial_investigation"", ""similarity_score"": 0.65}, {""keyword"": ""best event registration software"", ""relationship_type"": ""intent"", ""intent_stage"": ""comparison"", ""similarity_score"": 0.64}, {""keyword"": ""attendee check-in"", ""relationship_type"": ""semantic"", ""intent_stage"": ""informational"", ""similarity_score"": 0.63}, {""keyword"": ""how to set up event registration"", ""relationship_type"": ""intent"", ""intent_stage"": ""informational"", ""similarity_score"": 0.56}]"
Eventual,Event Registration and Ticketing Software,Mobile check-in and access control for large festivals,Free for free events,4.3,321,Good branding/white-labeling on registration pages,Flexible ticket tiers and discount code management,Fast on-site check-in with QR/badge scanning,Strong integrations with CRM and email marketing tools,Limited customization on the mobile check-in app,Per-ticket fees add up for high-volume free events,Small teams prioritizing fast onboarding over deep customization,https://www.eventual.com,https://www.eventual.com/pricing,2026-03-14,164,event registration platform,badge printing,best event registration software,"[{""keyword"": ""event registration platform"", ""relationship_type"": ""lexical"", ""intent_stage"": ""commercial_investigation"", ""similarity_score"": 0.98}, {""keyword"": ""Eventual reviews"", ""relationship_type"": ""lexical"", ""intent_stage"": ""comparison"", ""similarity_score"": 0.94}, {""keyword"": ""ticketing tool"", ""relationship_type"": ""lexical"", ""intent_stage"": ""commercial_investigation"", ""similarity_score"": 0.93}, {""keyword"": ""Eventual pricing"", ""relationship_type"": ""lexical"", ""intent_stage"": ""commercial_investigation"", ""similarity_score"": 0.91}, {""keyword"": ""conference registration software"", ""relationship_type"": ""lexical"", ""intent_stage"": ""commercial_investigation"", ""similarity_score"": 0.9}, {""keyword"": ""badge printing"", ""relationship_type"": ""semantic"", ""intent_stage"": ""informational"", ""similarity_score"": 0.81}, {""keyword"": ""best event registration software"", ""relationship_type"": ""intent"", ""intent_stage"": ""comparison"", ""similarity_score"": 0.8}, {""keyword"": ""attendee check-in"", ""relationship_type"": ""semantic"", ""intent_stage"": ""informational"", ""similarity_score"": 0.79}, {""keyword"": ""event ticketing software for small venues"", ""relationship_type"": ""intent"", ""intent_stage"": ""commercial_investigation"", ""similarity_score"": 0.69}, {""keyword"": ""ticket tier setup"", ""relationship_type"": ""semantic"", ""intent_stage"": ""informational"", ""similarity_score"": 0.66}, {""keyword"": ""event ticketing platform pricing"", ""relationship_type"": ""intent"", ""intent_stage"": ""comparison"", ""similarity_score"": 0.61}]"
Ticketwave,Event Registration and Ticketing Software,Mobile check-in and access control for large festivals,2.5% + $0.99/ticket,4.2,240,Strong integrations with CRM and email marketing tools,Solid support for multi-session/track events,Good branding/white-labeling on registration pages,Reliable payment processing with low failure rates,Per-ticket fees add up for high-volume free events,Limited customization on the mobile check-in app,Organizations that need enterprise-grade compliance and strong integrations,https://www.ticketwave.com,https://www.ticketwave.com/pricing,2026-05-05,112,event ticketing software,attendee check-in,event ticketing platform pricing,"[{""keyword"": ""event ticketing software"", ""relationship_type"": ""lexical"", ""intent_stage"": ""commercial_investigation"", ""similarity_score"": 0.97}, {""keyword"": ""Ticketwave pricing"", ""relationship_type"": ""lexical"", ""intent_stage"": ""commercial_investigation"", ""similarity_score"": 0.95}, {""keyword"": ""Ticketwave reviews"", ""relationship_type"": ""lexical"", ""intent_stage"": ""comparison"", ""similarity_score"": 0.95}, {""keyword"": ""conference registration software"", ""relationship_type"": ""lexical"", ""intent_stage"": ""commercial_investigation"", ""similarity_score"": 0.93}, {""keyword"": ""event registration platform"", ""relationship_type"": ""lexical"", ""intent_stage"": ""commercial_investigation"", ""similarity_score"": 0.93}, {""keyword"": ""attendee check-in"", ""relationship_type"": ""semantic"", ""intent_stage"": ""informational"", ""similarity_score"": 0.8}, {""keyword"": ""ticket tier setup"", ""relationship_type"": ""semantic"", ""intent_stage"": ""informational"", ""similarity_score"": 0.75}, {""keyword"": ""badge printing"", ""relationship_type"": ""semantic"", ""intent_stage"": ""informational"", ""similarity_score"": 0.74}, {""keyword"": ""event ticketing platform pricing"", ""relationship_type"": ""intent"", ""intent_stage"": ""comparison"", ""similarity_score"": 0.66}, {""keyword"": ""best event registration software"", ""relationship_type"": ""intent"", ""intent_stage"": ""comparison"", ""similarity_score"": 0.63}, {""keyword"": ""how to set up event registration"", ""relationship_type"": ""intent"", ""intent_stage"": ""informational"", ""similarity_score"": 0.62}]"
Roundtable Reg,Event Registration and Ticketing Software,Mobile check-in and access control for large festivals,$99/mo flat,4.1,1863,Good branding/white-labeling on registration pages,Real-time attendee analytics dashboard,Fast on-site check-in with QR/badge scanning,Strong integrations with CRM and email marketing tools,Refund/waitlist workflows feel manual,Limited customization on the mobile check-in app,Teams that need strong automation without a long implementation cycle,https://www.roundtablereg.com,https://www.roundtablereg.com/pricing,2026-03-07,171,conference registration software,ticket tier setup,event ticketing software for small venues,"[{""keyword"": ""conference registration software"", ""relationship_type"": ""lexical"", ""intent_stage"": ""commercial_investigation"", ""similarity_score"": 0.98}, {""keyword"": ""Roundtable Reg pricing"", ""relationship_type"": ""lexical"", ""intent_stage"": ""commercial_investigation"", ""similarity_score"": 0.97}, {""keyword"": ""event ticketing software"", ""relationship_type"": ""lexical"", ""intent_stage"": ""commercial_investigation"", ""similarity_score"": 0.94}, {""keyword"": ""event registration platform"", ""relationship_type"": ""lexical"", ""intent_stage"": ""commercial_investigation"", ""similarity_score"": 0.89}, {""keyword"": ""Roundtable Reg reviews"", ""relationship_type"": ""lexical"", ""intent_stage"": ""comparison"", ""similarity_score"": 0.88}, {""keyword"": ""ticket tier setup"", ""relationship_type"": ""semantic"", ""intent_stage"": ""informational"", ""similarity_score"": 0.83}, {""keyword"": ""event ticketing software for small venues"", ""relationship_type"": ""intent"", ""intent_stage"": ""commercial_investigation"", ""similarity_score"": 0.79}, {""keyword"": ""event ticketing platform pricing"", ""relationship_type"": ""intent"", ""intent_stage"": ""comparison"", ""similarity_score"": 0.74}, {""keyword"": ""attendee check-in"", ""relationship_type"": ""semantic"", ""intent_stage"": ""informational"", ""similarity_score"": 0.7}, {""keyword"": ""best event registration software"", ""relationship_type"": ""intent"", ""intent_stage"": ""comparison"", ""similarity_score"": 0.64}, {""keyword"": ""badge printing"", ""relationship_type"": ""semantic"", ""intent_stage"": ""informational"", ""similarity_score"": 0.63}]"
Pipesail,End-to-End CRM Software,"Simple, fast CRM built for solo founders and small teams",$14/user/mo,4.4,1675,Customizable pipelines for multiple sales motions,Solid mobile app for field sales,Automation builder handles complex sequences well,Strong email/calendar sync and activity logging,Reporting requires add-on modules on lower plans,Customer support slower on the entry-level plan,Growing companies that want a polished user experience as they scale,https://www.pipesail.com,https://www.pipesail.com/pricing,2026-04-15,132,Pipesail pricing,lead nurturing workflow,how to choose a CRM,"[{""keyword"": ""Pipesail pricing"", ""relationship_type"": ""lexical"", ""intent_stage"": ""commercial_investigation"", ""similarity_score"": 0.99}, {""keyword"": ""CRM software"", ""relationship_type"": ""lexical"", ""intent_stage"": ""commercial_investigation"", ""similarity_score"": 0.92}, {""keyword"": ""CRM system"", ""relationship_type"": ""lexical"", ""intent_stage"": ""commercial_investigation"", ""similarity_score"": 0.91}, {""keyword"": ""sales CRM tool"", ""relationship_type"": ""lexical"", ""intent_stage"": ""commercial_investigation"", ""similarity_score"": 0.91}, {""keyword"": ""Pipesail reviews"", ""relationship_type"": ""lexical"", ""intent_stage"": ""comparison"", ""similarity_score"": 0.91}, {""keyword"": ""how to choose a CRM"", ""relationship_type"": ""intent"", ""intent_stage"": ""informational"", ""similarity_score"": 0.73}, {""keyword"": ""CRM pricing comparison"", ""relationship_type"": ""intent"", ""intent_stage"": ""comparison"", ""similarity_score"": 0.72}, {""keyword"": ""CRM software for small business"", ""relationship_type"": ""intent"", ""intent_stage"": ""commercial_investigation"", ""similarity_score"": 0.69}, {""keyword"": ""lead nurturing workflow"", ""relationship_type"": ""semantic"", ""intent_stage"": ""informational"", ""similarity_score"": 0.66}, {""keyword"": ""customer data management"", ""relationship_type"": ""semantic"", ""intent_stage"": ""informational"", ""similarity_score"": 0.65}, {""keyword"": ""sales pipeline tracking"", ""relationship_type"": ""semantic"", ""intent_stage"": ""informational"", ""similarity_score"": 0.64}]"
Contactix,End-to-End CRM Software,Relationship-first CRM for high-touch B2B sales,$25/user/mo,4.8,2960,Solid mobile app for field sales,Automation builder handles complex sequences well,Strong email/calendar sync and activity logging,Customizable pipelines for multiple sales motions,Data migration from legacy CRMs can be rocky,Reporting requires add-on modules on lower plans,Growing companies that want clean reporting as they scale,https://www.contactix.com,https://www.contactix.com/pricing,2026-06-26,60,customer relationship management platform,customer data management,CRM software for small business,"[{""keyword"": ""customer relationship management platform"", ""relationship_type"": ""lexical"", ""intent_stage"": ""commercial_investigation"", ""similarity_score"": 0.96}, {""keyword"": ""Contactix pricing"", ""relationship_type"": ""lexical"", ""intent_stage"": ""commercial_investigation"", ""similarity_score"": 0.95}, {""keyword"": ""CRM system"", ""relationship_type"": ""lexical"", ""intent_stage"": ""commercial_investigation"", ""similarity_score"": 0.94}, {""keyword"": ""Contactix reviews"", ""relationship_type"": ""lexical"", ""intent_stage"": ""comparison"", ""similarity_score"": 0.94}, {""keyword"": ""CRM software"", ""relationship_type"": ""lexical"", ""intent_stage"": ""commercial_investigation"", ""similarity_score"": 0.92}, {""keyword"": ""customer data management"", ""relationship_type"": ""semantic"", ""intent_stage"": ""informational"", ""similarity_score"": 0.78}, {""keyword"": ""deal forecasting"", ""relationship_type"": ""semantic"", ""intent_stage"": ""informational"", ""similarity_score"": 0.73}, {""keyword"": ""sales pipeline tracking"", ""relationship_type"": ""semantic"", ""intent_stage"": ""informational"", ""similarity_score"": 0.71}, {""keyword"": ""CRM software for small business"", ""relationship_type"": ""intent"", ""intent_stage"": ""commercial_investigation"", ""similarity_score"": 0.63}, {""keyword"": ""CRM pricing comparison"", ""relationship_type"": ""intent"", ""intent_stage"": ""comparison"", ""similarity_score"": 0.58}, {""keyword"": ""how to choose a CRM"", ""relationship_type"": ""intent"", ""intent_stage"": ""informational"", ""similarity_score"": 0.57}]"
Revolve CRM,End-to-End CRM Software,CRM with heavy customization for complex sales cycles,$79/user/mo,4.4,570,Automation builder handles complex sequences well,Robust API and integration marketplace,Solid mobile app for field sales,Strong email/calendar sync and activity logging,Data migration from legacy CRMs can be rocky,Customer support slower on the entry-level plan,Buyers who value an easy setup more than rock-bottom pricing,https://www.revolvecrm.com,https://www.revolvecrm.com/pricing,2026-07-25,31,Revolve CRM pricing,sales pipeline tracking,how to choose a CRM,"[{""keyword"": ""Revolve CRM pricing"", ""relationship_type"": ""lexical"", ""intent_stage"": ""commercial_investigation"", ""similarity_score"": 0.99}, {""keyword"": ""CRM system"", ""relationship_type"": ""lexical"", ""intent_stage"": ""commercial_investigation"", ""similarity_score"": 0.97}, {""keyword"": ""Revolve CRM reviews"", ""relationship_type"": ""lexical"", ""intent_stage"": ""comparison"", ""similarity_score"": 0.93}, {""keyword"": ""customer relationship management platform"", ""relationship_type"": ""lexical"", ""intent_stage"": ""commercial_investigation"", ""similarity_score"": 0.9}, {""keyword"": ""CRM software"", ""relationship_type"": ""lexical"", ""intent_stage"": ""commercial_investigation"", ""similarity_score"": 0.9}, {""keyword"": ""sales pipeline tracking"", ""relationship_type"": ""semantic"", ""intent_stage"": ""informational"", ""similarity_score"": 0.83}, {""keyword"": ""how to choose a CRM"", ""relationship_type"": ""intent"", ""intent_stage"": ""informational"", ""similarity_score"": 0.79}, {""keyword"": ""deal forecasting"", ""relationship_type"": ""semantic"", ""intent_stage"": ""informational"", ""similarity_score"": 0.68}, {""keyword"": ""best CRM software"", ""relationship_type"": ""intent"", ""intent_stage"": ""comparison"", ""similarity_score"": 0.68}, {""keyword"": ""lead nurturing workflow"", ""relationship_type"": ""semantic"", ""intent_stage"": ""informational"", ""similarity_score"": 0.66}, {""keyword"": ""CRM pricing comparison"", ""relationship_type"": ""intent"", ""intent_stage"": ""comparison"", ""similarity_score"": 0.59}]"
Dealstream,End-to-End CRM Software,"Full revenue platform combining CRM, marketing, and support",$14/user/mo,4.6,2996,Robust API and integration marketplace,Customizable pipelines for multiple sales motions,Automation builder handles complex sequences well,"Clean, low-friction UI that reps actually use",Reporting requires add-on modules on lower plans,Customer support slower on the entry-level plan,Teams that need flexible pricing without a long implementation cycle,https://www.dealstream.com,https://www.dealstream.com/pricing,2026-03-12,166,CRM system,lead nurturing workflow,CRM pricing comparison,"[{""keyword"": ""CRM system"", ""relationship_type"": ""lexical"", ""intent_stage"": ""commercial_investigation"", ""similarity_score"": 0.97}, {""keyword"": ""Dealstream pricing"", ""relationship_type"": ""lexical"", ""intent_stage"": ""commercial_investigation"", ""similarity_score"": 0.95}, {""keyword"": ""customer relationship management platform"", ""relationship_type"": ""lexical"", ""intent_stage"": ""commercial_investigation"", ""similarity_score"": 0.94}, {""keyword"": ""Dealstream reviews"", ""relationship_type"": ""lexical"", ""intent_stage"": ""comparison"", ""similarity_score"": 0.94}, {""keyword"": ""sales CRM tool"", ""relationship_type"": ""lexical"", ""intent_stage"": ""commercial_investigation"", ""similarity_score"": 0.88}, {""keyword"": ""lead nurturing workflow"", ""relationship_type"": ""semantic"", ""intent_stage"": ""informational"", ""similarity_score"": 0.8}, {""keyword"": ""deal forecasting"", ""relationship_type"": ""semantic"", ""intent_stage"": ""informational"", ""similarity_score"": 0.77}, {""keyword"": ""sales pipeline tracking"", ""relationship_type"": ""semantic"", ""intent_stage"": ""informational"", ""similarity_score"": 0.69}, {""keyword"": ""CRM pricing comparison"", ""relationship_type"": ""intent"", ""intent_stage"": ""comparison"", ""similarity_score"": 0.67}, {""keyword"": ""best CRM software"", ""relationship_type"": ""intent"", ""intent_stage"": ""comparison"", ""similarity_score"": 0.65}, {""keyword"": ""how to choose a CRM"", ""relationship_type"": ""intent"", ""intent_stage"": ""informational"", ""similarity_score"": 0.59}]"
Clientfold,End-to-End CRM Software,Relationship-first CRM for high-touch B2B sales,$49/user/mo,4.0,2987,Customizable pipelines for multiple sales motions,Solid mobile app for field sales,Automation builder handles complex sequences well,Good forecasting and deal-scoring features,Data migration from legacy CRMs can be rocky,Customer support slower on the entry-level plan,Buyers who value strong automation more than rock-bottom pricing,https://www.clientfold.com,https://www.clientfold.com/pricing,2026-06-05,81,Clientfold pricing,sales pipeline tracking,CRM software for small business,"[{""keyword"": ""Clientfold pricing"", ""relationship_type"": ""lexical"", ""intent_stage"": ""commercial_investigation"", ""similarity_score"": 0.93}, {""keyword"": ""customer relationship management platform"", ""relationship_type"": ""lexical"", ""intent_stage"": ""commercial_investigation"", ""similarity_score"": 0.91}, {""keyword"": ""Clientfold reviews"", ""relationship_type"": ""lexical"", ""intent_stage"": ""comparison"", ""similarity_score"": 0.91}, {""keyword"": ""CRM system"", ""relationship_type"": ""lexical"", ""intent_stage"": ""commercial_investigation"", ""similarity_score"": 0.9}, {""keyword"": ""CRM software"", ""relationship_type"": ""lexical"", ""intent_stage"": ""commercial_investigation"", ""similarity_score"": 0.89}, {""keyword"": ""sales pipeline tracking"", ""relationship_type"": ""semantic"", ""intent_stage"": ""informational"", ""similarity_score"": 0.83}, {""keyword"": ""customer data management"", ""relationship_type"": ""semantic"", ""intent_stage"": ""informational"", ""similarity_score"": 0.8}, {""keyword"": ""CRM software for small business"", ""relationship_type"": ""intent"", ""intent_stage"": ""commercial_investigation"", ""similarity_score"": 0.8}, {""keyword"": ""lead nurturing workflow"", ""relationship_type"": ""semantic"", ""intent_stage"": ""informational"", ""similarity_score"": 0.78}, {""keyword"": ""CRM pricing comparison"", ""relationship_type"": ""intent"", ""intent_stage"": ""comparison"", ""similarity_score"": 0.77}, {""keyword"": ""how to choose a CRM"", ""relationship_type"": ""intent"", ""intent_stage"": ""informational"", ""similarity_score"": 0.67}]"
Northbound CRM,End-to-End CRM Software,CRM with heavy customization for complex sales cycles,$0 (free tier),4.0,1655,Robust API and integration marketplace,Good forecasting and deal-scoring features,Strong email/calendar sync and activity logging,Automation builder handles complex sequences well,Steep price jump between mid and enterprise tiers,Reporting requires add-on modules on lower plans,Teams that need flexible pricing without a long implementation cycle,https://www.northboundcrm.com,https://www.northboundcrm.com/pricing,2026-04-21,126,CRM software,sales pipeline tracking,how to choose a CRM,"[{""keyword"": ""CRM software"", ""relationship_type"": ""lexical"", ""intent_stage"": ""commercial_investigation"", ""similarity_score"": 0.97}, {""keyword"": ""Northbound CRM pricing"", ""relationship_type"": ""lexical"", ""intent_stage"": ""commercial_investigation"", ""similarity_score"": 0.97}, {""keyword"": ""CRM system"", ""relationship_type"": ""lexical"", ""intent_stage"": ""commercial_investigation"", ""similarity_score"": 0.96}, {""keyword"": ""Northbound CRM reviews"", ""relationship_type"": ""lexical"", ""intent_stage"": ""comparison"", ""similarity_score"": 0.95}, {""keyword"": ""customer relationship management platform"", ""relationship_type"": ""lexical"", ""intent_stage"": ""commercial_investigation"", ""similarity_score"": 0.92}, {""keyword"": ""sales pipeline tracking"", ""relationship_type"": ""semantic"", ""intent_stage"": ""informational"", ""similarity_score"": 0.74}, {""keyword"": ""how to choose a CRM"", ""relationship_type"": ""intent"", ""intent_stage"": ""informational"", ""similarity_score"": 0.74}, {""keyword"": ""deal forecasting"", ""relationship_type"": ""semantic"", ""intent_stage"": ""informational"", ""similarity_score"": 0.7}, {""keyword"": ""best CRM software"", ""relationship_type"": ""intent"", ""intent_stage"": ""comparison"", ""similarity_score"": 0.68}, {""keyword"": ""lead nurturing workflow"", ""relationship_type"": ""semantic"", ""intent_stage"": ""informational"", ""similarity_score"": 0.63}, {""keyword"": ""CRM software for small business"", ""relationship_type"": ""intent"", ""intent_stage"": ""commercial_investigation"", ""similarity_score"": 0.62}]"
Salesloop,End-to-End CRM Software,"Simple, fast CRM built for solo founders and small teams",$79/user/mo,4.5,572,"Clean, low-friction UI that reps actually use",Good forecasting and deal-scoring features,Customizable pipelines for multiple sales motions,Robust API and integration marketplace,Steep price jump between mid and enterprise tiers,Reporting requires add-on modules on lower plans,Growing companies that want enterprise-grade compliance as they scale,https://www.salesloop.com,https://www.salesloop.com/pricing,2026-04-19,128,Salesloop pricing,customer data management,best CRM software,"[{""keyword"": ""Salesloop pricing"", ""relationship_type"": ""lexical"", ""intent_stage"": ""commercial_investigation"", ""similarity_score"": 0.94}, {""keyword"": ""sales CRM tool"", ""relationship_type"": ""lexical"", ""intent_stage"": ""commercial_investigation"", ""similarity_score"": 0.93}, {""keyword"": ""Salesloop reviews"", ""relationship_type"": ""lexical"", ""intent_stage"": ""comparison"", ""similarity_score"": 0.93}, {""keyword"": ""CRM system"", ""relationship_type"": ""lexical"", ""intent_stage"": ""commercial_investigation"", ""similarity_score"": 0.91}, {""keyword"": ""CRM software"", ""relationship_type"": ""lexical"", ""intent_stage"": ""commercial_investigation"", ""similarity_score"": 0.89}, {""keyword"": ""customer data management"", ""relationship_type"": ""semantic"", ""intent_stage"": ""informational"", ""similarity_score"": 0.84}, {""keyword"": ""lead nurturing workflow"", ""relationship_type"": ""semantic"", ""intent_stage"": ""informational"", ""similarity_score"": 0.78}, {""keyword"": ""best CRM software"", ""relationship_type"": ""intent"", ""intent_stage"": ""comparison"", ""similarity_score"": 0.68}, {""keyword"": ""CRM pricing comparison"", ""relationship_type"": ""intent"", ""intent_stage"": ""comparison"", ""similarity_score"": 0.68}, {""keyword"": ""CRM software for small business"", ""relationship_type"": ""intent"", ""intent_stage"": ""commercial_investigation"", ""similarity_score"": 0.67}, {""keyword"": ""deal forecasting"", ""relationship_type"": ""semantic"", ""intent_stage"": ""informational"", ""similarity_score"": 0.66}]"
Trackwell,End-to-End CRM Software,"Simple, fast CRM built for solo founders and small teams",$25/user/mo,4.4,113,Customizable pipelines for multiple sales motions,Automation builder handles complex sequences well,"Clean, low-friction UI that reps actually use",Good forecasting and deal-scoring features,Steep price jump between mid and enterprise tiers,Customer support slower on the entry-level plan,Teams that need a polished user experience without a long implementation cycle,https://www.trackwell.com,https://www.trackwell.com/pricing,2026-06-19,67,Trackwell pricing,lead nurturing workflow,how to choose a CRM,"[{""keyword"": ""Trackwell pricing"", ""relationship_type"": ""lexical"", ""intent_stage"": ""commercial_investigation"", ""similarity_score"": 0.96}, {""keyword"": ""Trackwell reviews"", ""relationship_type"": ""lexical"", ""intent_stage"": ""comparison"", ""similarity_score"": 0.96}, {""keyword"": ""customer relationship management platform"", ""relationship_type"": ""lexical"", ""intent_stage"": ""commercial_investigation"", ""similarity_score"": 0.94}, {""keyword"": ""CRM software"", ""relationship_type"": ""lexical"", ""intent_stage"": ""commercial_investigation"", ""similarity_score"": 0.94}, {""keyword"": ""sales CRM tool"", ""relationship_type"": ""lexical"", ""intent_stage"": ""commercial_investigation"", ""similarity_score"": 0.9}, {""keyword"": ""lead nurturing workflow"", ""relationship_type"": ""semantic"", ""intent_stage"": ""informational"", ""similarity_score"": 0.83}, {""keyword"": ""how to choose a CRM"", ""relationship_type"": ""intent"", ""intent_stage"": ""informational"", ""similarity_score"": 0.65}, {""keyword"": ""CRM software for small business"", ""relationship_type"": ""intent"", ""intent_stage"": ""commercial_investigation"", ""similarity_score"": 0.65}, {""keyword"": ""sales pipeline tracking"", ""relationship_type"": ""semantic"", ""intent_stage"": ""informational"", ""similarity_score"": 0.64}, {""keyword"": ""deal forecasting"", ""relationship_type"": ""semantic"", ""intent_stage"": ""informational"", ""similarity_score"": 0.63}, {""keyword"": ""best CRM software"", ""relationship_type"": ""intent"", ""intent_stage"": ""comparison"", ""similarity_score"": 0.6}]"
Nurture360,End-to-End CRM Software,"Simple, fast CRM built for solo founders and small teams",Custom pricing,4.5,1976,Automation builder handles complex sequences well,Solid mobile app for field sales,"Clean, low-friction UI that reps actually use",Strong email/calendar sync and activity logging,Data migration from legacy CRMs can be rocky,Steep price jump between mid and enterprise tiers,Small teams prioritizing a polished user experience over deep customization,https://www.nurture360.com,https://www.nurture360.com/pricing,2026-04-13,134,Nurture360 pricing,deal forecasting,CRM software for small business,"[{""keyword"": ""Nurture360 pricing"", ""relationship_type"": ""lexical"", ""intent_stage"": ""commercial_investigation"", ""similarity_score"": 0.96}, {""keyword"": ""Nurture360 reviews"", ""relationship_type"": ""lexical"", ""intent_stage"": ""comparison"", ""similarity_score"": 0.96}, {""keyword"": ""CRM system"", ""relationship_type"": ""lexical"", ""intent_stage"": ""commercial_investigation"", ""similarity_score"": 0.93}, {""keyword"": ""customer relationship management platform"", ""relationship_type"": ""lexical"", ""intent_stage"": ""commercial_investigation"", ""similarity_score"": 0.93}, {""keyword"": ""CRM software"", ""relationship_type"": ""lexical"", ""intent_stage"": ""commercial_investigation"", ""similarity_score"": 0.93}, {""keyword"": ""deal forecasting"", ""relationship_type"": ""semantic"", ""intent_stage"": ""informational"", ""similarity_score"": 0.74}, {""keyword"": ""CRM software for small business"", ""relationship_type"": ""intent"", ""intent_stage"": ""commercial_investigation"", ""similarity_score"": 0.73}, {""keyword"": ""CRM pricing comparison"", ""relationship_type"": ""intent"", ""intent_stage"": ""comparison"", ""similarity_score"": 0.72}, {""keyword"": ""customer data management"", ""relationship_type"": ""semantic"", ""intent_stage"": ""informational"", ""similarity_score"": 0.67}, {""keyword"": ""best CRM software"", ""relationship_type"": ""intent"", ""intent_stage"": ""comparison"", ""similarity_score"": 0.67}, {""keyword"": ""lead nurturing workflow"", ""relationship_type"": ""semantic"", ""intent_stage"": ""informational"", ""similarity_score"": 0.66}]"
Fielday,End-to-End CRM Software,CRM with heavy customization for complex sales cycles,$25/user/mo,4.5,3000,Customizable pipelines for multiple sales motions,Automation builder handles complex sequences well,"Clean, low-friction UI that reps actually use",Good forecasting and deal-scoring features,Customer support slower on the entry-level plan,Data migration from legacy CRMs can be rocky,Growing companies that want flexible pricing as they scale,https://www.fielday.com,https://www.fielday.com/pricing,2026-08-15,10,Fielday pricing,customer data management,CRM software for small business,"[{""keyword"": ""Fielday pricing"", ""relationship_type"": ""lexical"", ""intent_stage"": ""commercial_investigation"", ""similarity_score"": 0.94}, {""keyword"": ""CRM system"", ""relationship_type"": ""lexical"", ""intent_stage"": ""commercial_investigation"", ""similarity_score"": 0.92}, {""keyword"": ""sales CRM tool"", ""relationship_type"": ""lexical"", ""intent_stage"": ""commercial_investigation"", ""similarity_score"": 0.91}, {""keyword"": ""CRM software"", ""relationship_type"": ""lexical"", ""intent_stage"": ""commercial_investigation"", ""similarity_score"": 0.91}, {""keyword"": ""Fielday reviews"", ""relationship_type"": ""lexical"", ""intent_stage"": ""comparison"", ""similarity_score"": 0.9}, {""keyword"": ""customer data management"", ""relationship_type"": ""semantic"", ""intent_stage"": ""informational"", ""similarity_score"": 0.76}, {""keyword"": ""deal forecasting"", ""relationship_type"": ""semantic"", ""intent_stage"": ""informational"", ""similarity_score"": 0.75}, {""keyword"": ""CRM software for small business"", ""relationship_type"": ""intent"", ""intent_stage"": ""commercial_investigation"", ""similarity_score"": 0.71}, {""keyword"": ""lead nurturing workflow"", ""relationship_type"": ""semantic"", ""intent_stage"": ""informational"", ""similarity_score"": 0.65}, {""keyword"": ""best CRM software"", ""relationship_type"": ""intent"", ""intent_stage"": ""comparison"", ""similarity_score"": 0.65}, {""keyword"": ""how to choose a CRM"", ""relationship_type"": ""intent"", ""intent_stage"": ""informational"", ""similarity_score"": 0.56}]"
Quotawise,End-to-End CRM Software,Enterprise CRM with advanced forecasting and territory planning,$29/user/mo,4.0,608,"Clean, low-friction UI that reps actually use",Robust API and integration marketplace,Strong email/calendar sync and activity logging,Good forecasting and deal-scoring features,Customer support slower on the entry-level plan,Data migration from legacy CRMs can be rocky,Growing companies that want flexible pricing as they scale,https://www.quotawise.com,https://www.quotawise.com/pricing,2026-06-04,82,sales CRM tool,deal forecasting,CRM software for small business,"[{""keyword"": ""sales CRM tool"", ""relationship_type"": ""lexical"", ""intent_stage"": ""commercial_investigation"", ""similarity_score"": 0.97}, {""keyword"": ""Quotawise pricing"", ""relationship_type"": ""lexical"", ""intent_stage"": ""commercial_investigation"", ""similarity_score"": 0.95}, {""keyword"": ""Quotawise reviews"", ""relationship_type"": ""lexical"", ""intent_stage"": ""comparison"", ""similarity_score"": 0.95}, {""keyword"": ""CRM software"", ""relationship_type"": ""lexical"", ""intent_stage"": ""commercial_investigation"", ""similarity_score"": 0.94}, {""keyword"": ""CRM system"", ""relationship_type"": ""lexical"", ""intent_stage"": ""commercial_investigation"", ""similarity_score"": 0.89}, {""keyword"": ""deal forecasting"", ""relationship_type"": ""semantic"", ""intent_stage"": ""informational"", ""similarity_score"": 0.82}, {""keyword"": ""sales pipeline tracking"", ""relationship_type"": ""semantic"", ""intent_stage"": ""informational"", ""similarity_score"": 0.81}, {""keyword"": ""CRM software for small business"", ""relationship_type"": ""intent"", ""intent_stage"": ""commercial_investigation"", ""similarity_score"": 0.79}, {""keyword"": ""CRM pricing comparison"", ""relationship_type"": ""intent"", ""intent_stage"": ""comparison"", ""similarity_score"": 0.78}, {""keyword"": ""how to choose a CRM"", ""relationship_type"": ""intent"", ""intent_stage"": ""informational"", ""similarity_score"": 0.78}, {""keyword"": ""customer data management"", ""relationship_type"": ""semantic"", ""intent_stage"": ""informational"", ""similarity_score"": 0.66}]"
Leadbase,End-to-End CRM Software,Sales pipeline CRM built for SMB sales teams,$0 (free tier),4.2,2513,"Clean, low-friction UI that reps actually use",Customizable pipelines for multiple sales motions,Solid mobile app for field sales,Good forecasting and deal-scoring features,Customer support slower on the entry-level plan,Reporting requires add-on modules on lower plans,Buyers who value a polished user experience more than rock-bottom pricing,https://www.leadbase.com,https://www.leadbase.com/pricing,2026-06-17,69,Leadbase reviews,sales pipeline tracking,best CRM software,"[{""keyword"": ""Leadbase reviews"", ""relationship_type"": ""lexical"", ""intent_stage"": ""comparison"", ""similarity_score"": 0.95}, {""keyword"": ""CRM software"", ""relationship_type"": ""lexical"", ""intent_stage"": ""commercial_investigation"", ""similarity_score"": 0.93}, {""keyword"": ""Leadbase pricing"", ""relationship_type"": ""lexical"", ""intent_stage"": ""commercial_investigation"", ""similarity_score"": 0.92}, {""keyword"": ""CRM system"", ""relationship_type"": ""lexical"", ""intent_stage"": ""commercial_investigation"", ""similarity_score"": 0.91}, {""keyword"": ""customer relationship management platform"", ""relationship_type"": ""lexical"", ""intent_stage"": ""commercial_investigation"", ""similarity_score"": 0.9}, {""keyword"": ""sales pipeline tracking"", ""relationship_type"": ""semantic"", ""intent_stage"": ""informational"", ""similarity_score"": 0.82}, {""keyword"": ""customer data management"", ""relationship_type"": ""semantic"", ""intent_stage"": ""informational"", ""similarity_score"": 0.81}, {""keyword"": ""best CRM software"", ""relationship_type"": ""intent"", ""intent_stage"": ""comparison"", ""similarity_score"": 0.72}, {""keyword"": ""lead nurturing workflow"", ""relationship_type"": ""semantic"", ""intent_stage"": ""informational"", ""similarity_score"": 0.66}, {""keyword"": ""CRM software for small business"", ""relationship_type"": ""intent"", ""intent_stage"": ""commercial_investigation"", ""similarity_score"": 0.6}, {""keyword"": ""CRM pricing comparison"", ""relationship_type"": ""intent"", ""intent_stage"": ""comparison"", ""similarity_score"": 0.57}]"
Closeframe,End-to-End CRM Software,"Full revenue platform combining CRM, marketing, and support",$29/user/mo,4.2,1061,"Clean, low-friction UI that reps actually use",Customizable pipelines for multiple sales motions,Good forecasting and deal-scoring features,Strong email/calendar sync and activity logging,Customer support slower on the entry-level plan,Data migration from legacy CRMs can be rocky,Small teams prioritizing flexible pricing over deep customization,https://www.closeframe.com,https://www.closeframe.com/pricing,2026-03-29,149,CRM software,customer data management,best CRM software,"[{""keyword"": ""CRM software"", ""relationship_type"": ""lexical"", ""intent_stage"": ""commercial_investigation"", ""similarity_score"": 0.95}, {""keyword"": ""Closeframe pricing"", ""relationship_type"": ""lexical"", ""intent_stage"": ""commercial_investigation"", ""similarity_score"": 0.93}, {""keyword"": ""Closeframe reviews"", ""relationship_type"": ""lexical"", ""intent_stage"": ""comparison"", ""similarity_score"": 0.92}, {""keyword"": ""customer relationship management platform"", ""relationship_type"": ""lexical"", ""intent_stage"": ""commercial_investigation"", ""similarity_score"": 0.89}, {""keyword"": ""sales CRM tool"", ""relationship_type"": ""lexical"", ""intent_stage"": ""commercial_investigation"", ""similarity_score"": 0.89}, {""keyword"": ""customer data management"", ""relationship_type"": ""semantic"", ""intent_stage"": ""informational"", ""similarity_score"": 0.83}, {""keyword"": ""best CRM software"", ""relationship_type"": ""intent"", ""intent_stage"": ""comparison"", ""similarity_score"": 0.8}, {""keyword"": ""lead nurturing workflow"", ""relationship_type"": ""semantic"", ""intent_stage"": ""informational"", ""similarity_score"": 0.76}, {""keyword"": ""sales pipeline tracking"", ""relationship_type"": ""semantic"", ""intent_stage"": ""informational"", ""similarity_score"": 0.7}, {""keyword"": ""CRM software for small business"", ""relationship_type"": ""intent"", ""intent_stage"": ""commercial_investigation"", ""similarity_score"": 0.67}, {""keyword"": ""how to choose a CRM"", ""relationship_type"": ""intent"", ""intent_stage"": ""informational"", ""similarity_score"": 0.66}]"
Relatable CRM,End-to-End CRM Software,Relationship-first CRM for high-touch B2B sales,$29/user/mo,4.6,1973,Automation builder handles complex sequences well,Robust API and integration marketplace,Strong email/calendar sync and activity logging,Solid mobile app for field sales,Reporting requires add-on modules on lower plans,Steep price jump between mid and enterprise tiers,Organizations that need fast onboarding and strong integrations,https://www.relatablecrm.com,https://www.relatablecrm.com/pricing,2026-08-06,19,Relatable CRM pricing,customer data management,CRM software for small business,"[{""keyword"": ""Relatable CRM pricing"", ""relationship_type"": ""lexical"", ""intent_stage"": ""commercial_investigation"", ""similarity_score"": 0.95}, {""keyword"": ""CRM software"", ""relationship_type"": ""lexical"", ""intent_stage"": ""commercial_investigation"", ""similarity_score"": 0.94}, {""keyword"": ""sales CRM tool"", ""relationship_type"": ""lexical"", ""intent_stage"": ""commercial_investigation"", ""similarity_score"": 0.91}, {""keyword"": ""CRM system"", ""relationship_type"": ""lexical"", ""intent_stage"": ""commercial_investigation"", ""similarity_score"": 0.89}, {""keyword"": ""Relatable CRM reviews"", ""relationship_type"": ""lexical"", ""intent_stage"": ""comparison"", ""similarity_score"": 0.89}, {""keyword"": ""customer data management"", ""relationship_type"": ""semantic"", ""intent_stage"": ""informational"", ""similarity_score"": 0.8}, {""keyword"": ""lead nurturing workflow"", ""relationship_type"": ""semantic"", ""intent_stage"": ""informational"", ""similarity_score"": 0.73}, {""keyword"": ""CRM software for small business"", ""relationship_type"": ""intent"", ""intent_stage"": ""commercial_investigation"", ""similarity_score"": 0.67}, {""keyword"": ""CRM pricing comparison"", ""relationship_type"": ""intent"", ""intent_stage"": ""comparison"", ""similarity_score"": 0.66}, {""keyword"": ""deal forecasting"", ""relationship_type"": ""semantic"", ""intent_stage"": ""informational"", ""similarity_score"": 0.64}, {""keyword"": ""how to choose a CRM"", ""relationship_type"": ""intent"", ""intent_stage"": ""informational"", ""similarity_score"": 0.56}]"
Funnelio,End-to-End CRM Software,Relationship-first CRM for high-touch B2B sales,$79/user/mo,3.9,1087,Automation builder handles complex sequences well,"Clean, low-friction UI that reps actually use",Strong email/calendar sync and activity logging,Solid mobile app for field sales,Reporting requires add-on modules on lower plans,Data migration from legacy CRMs can be rocky,Small teams prioritizing strong automation over deep customization,https://www.funnelio.com,https://www.funnelio.com/pricing,2026-04-09,138,Funnelio pricing,deal forecasting,how to choose a CRM,"[{""keyword"": ""Funnelio pricing"", ""relationship_type"": ""lexical"", ""intent_stage"": ""commercial_investigation"", ""similarity_score"": 0.97}, {""keyword"": ""Funnelio reviews"", ""relationship_type"": ""lexical"", ""intent_stage"": ""comparison"", ""similarity_score"": 0.97}, {""keyword"": ""customer relationship management platform"", ""relationship_type"": ""lexical"", ""intent_stage"": ""commercial_investigation"", ""similarity_score"": 0.96}, {""keyword"": ""CRM system"", ""relationship_type"": ""lexical"", ""intent_stage"": ""commercial_investigation"", ""similarity_score"": 0.92}, {""keyword"": ""CRM software"", ""relationship_type"": ""lexical"", ""intent_stage"": ""commercial_investigation"", ""similarity_score"": 0.88}, {""keyword"": ""deal forecasting"", ""relationship_type"": ""semantic"", ""intent_stage"": ""informational"", ""similarity_score"": 0.82}, {""keyword"": ""customer data management"", ""relationship_type"": ""semantic"", ""intent_stage"": ""informational"", ""similarity_score"": 0.72}, {""keyword"": ""how to choose a CRM"", ""relationship_type"": ""intent"", ""intent_stage"": ""informational"", ""similarity_score"": 0.71}, {""keyword"": ""lead nurturing workflow"", ""relationship_type"": ""semantic"", ""intent_stage"": ""informational"", ""similarity_score"": 0.7}, {""keyword"": ""best CRM software"", ""relationship_type"": ""intent"", ""intent_stage"": ""comparison"", ""similarity_score"": 0.64}, {""keyword"": ""CRM pricing comparison"", ""relationship_type"": ""intent"", ""intent_stage"": ""comparison"", ""similarity_score"": 0.59}]"
Accountly,End-to-End CRM Software,"Simple, fast CRM built for solo founders and small teams",$29/user/mo,4.4,3026,Strong email/calendar sync and activity logging,"Clean, low-friction UI that reps actually use",Solid mobile app for field sales,Customizable pipelines for multiple sales motions,Customer support slower on the entry-level plan,Steep price jump between mid and enterprise tiers,Buyers who value enterprise-grade compliance more than rock-bottom pricing,https://www.accountly.com,https://www.accountly.com/pricing,2026-04-11,136,Accountly pricing,lead nurturing workflow,best CRM software,"[{""keyword"": ""Accountly pricing"", ""relationship_type"": ""lexical"", ""intent_stage"": ""commercial_investigation"", ""similarity_score"": 0.98}, {""keyword"": ""Accountly reviews"", ""relationship_type"": ""lexical"", ""intent_stage"": ""comparison"", ""similarity_score"": 0.95}, {""keyword"": ""CRM system"", ""relationship_type"": ""lexical"", ""intent_stage"": ""commercial_investigation"", ""similarity_score"": 0.93}, {""keyword"": ""CRM software"", ""relationship_type"": ""lexical"", ""intent_stage"": ""commercial_investigation"", ""similarity_score"": 0.9}, {""keyword"": ""sales CRM tool"", ""relationship_type"": ""lexical"", ""intent_stage"": ""commercial_investigation"", ""similarity_score"": 0.9}, {""keyword"": ""lead nurturing workflow"", ""relationship_type"": ""semantic"", ""intent_stage"": ""informational"", ""similarity_score"": 0.83}, {""keyword"": ""deal forecasting"", ""relationship_type"": ""semantic"", ""intent_stage"": ""informational"", ""similarity_score"": 0.82}, {""keyword"": ""sales pipeline tracking"", ""relationship_type"": ""semantic"", ""intent_stage"": ""informational"", ""similarity_score"": 0.76}, {""keyword"": ""best CRM software"", ""relationship_type"": ""intent"", ""intent_stage"": ""comparison"", ""similarity_score"": 0.7}, {""keyword"": ""CRM software for small business"", ""relationship_type"": ""intent"", ""intent_stage"": ""commercial_investigation"", ""similarity_score"": 0.58}, {""keyword"": ""how to choose a CRM"", ""relationship_type"": ""intent"", ""intent_stage"": ""informational"", ""similarity_score"": 0.56}]"
Prospectra,End-to-End CRM Software,Enterprise CRM with advanced forecasting and territory planning,Custom pricing,3.9,3078,"Clean, low-friction UI that reps actually use",Good forecasting and deal-scoring features,Solid mobile app for field sales,Strong email/calendar sync and activity logging,Data migration from legacy CRMs can be rocky,Reporting requires add-on modules on lower plans,Growing companies that want flexible pricing as they scale,https://www.prospectra.com,https://www.prospectra.com/pricing,2026-06-27,59,customer relationship management platform,lead nurturing workflow,best CRM software,"[{""keyword"": ""customer relationship management platform"", ""relationship_type"": ""lexical"", ""intent_stage"": ""commercial_investigation"", ""similarity_score"": 0.98}, {""keyword"": ""CRM system"", ""relationship_type"": ""lexical"", ""intent_stage"": ""commercial_investigation"", ""similarity_score"": 0.97}, {""keyword"": ""Prospectra pricing"", ""relationship_type"": ""lexical"", ""intent_stage"": ""commercial_investigation"", ""similarity_score"": 0.95}, {""keyword"": ""Prospectra reviews"", ""relationship_type"": ""lexical"", ""intent_stage"": ""comparison"", ""similarity_score"": 0.92}, {""keyword"": ""sales CRM tool"", ""relationship_type"": ""lexical"", ""intent_stage"": ""commercial_investigation"", ""similarity_score"": 0.9}, {""keyword"": ""lead nurturing workflow"", ""relationship_type"": ""semantic"", ""intent_stage"": ""informational"", ""similarity_score"": 0.76}, {""keyword"": ""best CRM software"", ""relationship_type"": ""intent"", ""intent_stage"": ""comparison"", ""similarity_score"": 0.75}, {""keyword"": ""customer data management"", ""relationship_type"": ""semantic"", ""intent_stage"": ""informational"", ""similarity_score"": 0.73}, {""keyword"": ""sales pipeline tracking"", ""relationship_type"": ""semantic"", ""intent_stage"": ""informational"", ""similarity_score"": 0.71}, {""keyword"": ""CRM software for small business"", ""relationship_type"": ""intent"", ""intent_stage"": ""commercial_investigation"", ""similarity_score"": 0.65}, {""keyword"": ""CRM pricing comparison"", ""relationship_type"": ""intent"", ""intent_stage"": ""comparison"", ""similarity_score"": 0.63}]"
Filestack Tax,Tax Filing Software,Tax prep and filing built for freelancers and gig workers,$49 flat,4.3,3135,Responsive support during peak filing season,"Transparent, upfront pricing with no surprise add-ons",Good error-checking before submission,Handles multi-state filings smoothly,Live CPA review costs extra and books up near deadlines,Mobile app has fewer features than desktop/web,Growing companies that want a polished user experience as they scale,https://www.filestacktax.com,https://www.filestacktax.com/pricing,2026-08-11,14,tax return software,quarterly estimated taxes,how to file taxes online,"[{""keyword"": ""tax return software"", ""relationship_type"": ""lexical"", ""intent_stage"": ""commercial_investigation"", ""similarity_score"": 0.92}, {""keyword"": ""Filestack Tax reviews"", ""relationship_type"": ""lexical"", ""intent_stage"": ""comparison"", ""similarity_score"": 0.92}, {""keyword"": ""tax preparation software"", ""relationship_type"": ""lexical"", ""intent_stage"": ""commercial_investigation"", ""similarity_score"": 0.91}, {""keyword"": ""tax filing software"", ""relationship_type"": ""lexical"", ""intent_stage"": ""commercial_investigation"", ""similarity_score"": 0.91}, {""keyword"": ""Filestack Tax pricing"", ""relationship_type"": ""lexical"", ""intent_stage"": ""commercial_investigation"", ""similarity_score"": 0.91}, {""keyword"": ""quarterly estimated taxes"", ""relationship_type"": ""semantic"", ""intent_stage"": ""informational"", ""similarity_score"": 0.75}, {""keyword"": ""how to file taxes online"", ""relationship_type"": ""intent"", ""intent_stage"": ""informational"", ""similarity_score"": 0.75}, {""keyword"": ""best tax filing software"", ""relationship_type"": ""intent"", ""intent_stage"": ""comparison"", ""similarity_score"": 0.72}, {""keyword"": ""deduction tracking"", ""relationship_type"": ""semantic"", ""intent_stage"": ""informational"", ""similarity_score"": 0.7}, {""keyword"": ""tax software pricing comparison"", ""relationship_type"": ""intent"", ""intent_stage"": ""comparison"", ""similarity_score"": 0.7}, {""keyword"": ""audit support"", ""relationship_type"": ""semantic"", ""intent_stage"": ""informational"", ""similarity_score"": 0.63}]"
Ledgerline,Tax Filing Software,Tax prep and filing built for freelancers and gig workers,$89 flat,4.1,1408,Solid import tools from payroll/accounting platforms,Clear step-by-step guided filing flow,Good error-checking before submission,Responsive support during peak filing season,Free tier is limited to the simplest tax situations,Live CPA review costs extra and books up near deadlines,Organizations that need great support and strong integrations,https://www.ledgerline.com,https://www.ledgerline.com/pricing,2026-02-28,178,tax return software,multi-state filing,tax software for freelancers,"[{""keyword"": ""tax return software"", ""relationship_type"": ""lexical"", ""intent_stage"": ""commercial_investigation"", ""similarity_score"": 0.96}, {""keyword"": ""Ledgerline pricing"", ""relationship_type"": ""lexical"", ""intent_stage"": ""commercial_investigation"", ""similarity_score"": 0.95}, {""keyword"": ""tax preparation software"", ""relationship_type"": ""lexical"", ""intent_stage"": ""commercial_investigation"", ""similarity_score"": 0.94}, {""keyword"": ""tax filing software"", ""relationship_type"": ""lexical"", ""intent_stage"": ""commercial_investigation"", ""similarity_score"": 0.92}, {""keyword"": ""Ledgerline reviews"", ""relationship_type"": ""lexical"", ""intent_stage"": ""comparison"", ""similarity_score"": 0.91}, {""keyword"": ""multi-state filing"", ""relationship_type"": ""semantic"", ""intent_stage"": ""informational"", ""similarity_score"": 0.8}, {""keyword"": ""quarterly estimated taxes"", ""relationship_type"": ""semantic"", ""intent_stage"": ""informational"", ""similarity_score"": 0.78}, {""keyword"": ""tax software for freelancers"", ""relationship_type"": ""intent"", ""intent_stage"": ""commercial_investigation"", ""similarity_score"": 0.77}, {""keyword"": ""audit support"", ""relationship_type"": ""semantic"", ""intent_stage"": ""informational"", ""similarity_score"": 0.72}, {""keyword"": ""best tax filing software"", ""relationship_type"": ""intent"", ""intent_stage"": ""comparison"", ""similarity_score"": 0.63}, {""keyword"": ""how to file taxes online"", ""relationship_type"": ""intent"", ""intent_stage"": ""informational"", ""similarity_score"": 0.56}]"
TaxHarbor,Tax Filing Software,Enterprise tax compliance and e-filing suite,$25 flat,3.9,2311,Responsive support during peak filing season,Handles multi-state filings smoothly,"Transparent, upfront pricing with no surprise add-ons",Solid import tools from payroll/accounting platforms,Upsells can feel aggressive during the filing flow,Free tier is limited to the simplest tax situations,Small teams prioritizing great support over deep customization,https://www.taxharbor.com,https://www.taxharbor.com/pricing,2026-05-20,97,online tax filing,audit support,how to file taxes online,"[{""keyword"": ""online tax filing"", ""relationship_type"": ""lexical"", ""intent_stage"": ""commercial_investigation"", ""similarity_score"": 0.98}, {""keyword"": ""tax return software"", ""relationship_type"": ""lexical"", ""intent_stage"": ""commercial_investigation"", ""similarity_score"": 0.96}, {""keyword"": ""TaxHarbor pricing"", ""relationship_type"": ""lexical"", ""intent_stage"": ""commercial_investigation"", ""similarity_score"": 0.96}, {""keyword"": ""TaxHarbor reviews"", ""relationship_type"": ""lexical"", ""intent_stage"": ""comparison"", ""similarity_score"": 0.92}, {""keyword"": ""tax preparation software"", ""relationship_type"": ""lexical"", ""intent_stage"": ""commercial_investigation"", ""similarity_score"": 0.91}, {""keyword"": ""audit support"", ""relationship_type"": ""semantic"", ""intent_stage"": ""informational"", ""similarity_score"": 0.78}, {""keyword"": ""how to file taxes online"", ""relationship_type"": ""intent"", ""intent_stage"": ""informational"", ""similarity_score"": 0.76}, {""keyword"": ""tax software pricing comparison"", ""relationship_type"": ""intent"", ""intent_stage"": ""comparison"", ""similarity_score"": 0.75}, {""keyword"": ""quarterly estimated taxes"", ""relationship_type"": ""semantic"", ""intent_stage"": ""informational"", ""similarity_score"": 0.73}, {""keyword"": ""multi-state filing"", ""relationship_type"": ""semantic"", ""intent_stage"": ""informational"", ""similarity_score"": 0.66}, {""keyword"": ""best tax filing software"", ""relationship_type"": ""intent"", ""intent_stage"": ""comparison"", ""similarity_score"": 0.57}]"
Returnly,Tax Filing Software,Guided self-filing for individual taxpayers,$0 (simple returns),4.3,2628,Good error-checking before submission,Clear step-by-step guided filing flow,Handles multi-state filings smoothly,Audit-support add-on gives peace of mind,Upsells can feel aggressive during the filing flow,Live CPA review costs extra and books up near deadlines,Organizations that need fast onboarding and strong integrations,https://www.returnly.com,https://www.returnly.com/pricing,2026-08-10,15,Returnly reviews,deduction tracking,best tax filing software,"[{""keyword"": ""Returnly reviews"", ""relationship_type"": ""lexical"", ""intent_stage"": ""comparison"", ""similarity_score"": 0.94}, {""keyword"": ""online tax filing"", ""relationship_type"": ""lexical"", ""intent_stage"": ""commercial_investigation"", ""similarity_score"": 0.93}, {""keyword"": ""tax preparation software"", ""relationship_type"": ""lexical"", ""intent_stage"": ""commercial_investigation"", ""similarity_score"": 0.92}, {""keyword"": ""Returnly pricing"", ""relationship_type"": ""lexical"", ""intent_stage"": ""commercial_investigation"", ""similarity_score"": 0.9}, {""keyword"": ""tax return software"", ""relationship_type"": ""lexical"", ""intent_stage"": ""commercial_investigation"", ""similarity_score"": 0.88}, {""keyword"": ""deduction tracking"", ""relationship_type"": ""semantic"", ""intent_stage"": ""informational"", ""similarity_score"": 0.82}, {""keyword"": ""audit support"", ""relationship_type"": ""semantic"", ""intent_stage"": ""informational"", ""similarity_score"": 0.8}, {""keyword"": ""best tax filing software"", ""relationship_type"": ""intent"", ""intent_stage"": ""comparison"", ""similarity_score"": 0.7}, {""keyword"": ""multi-state filing"", ""relationship_type"": ""semantic"", ""intent_stage"": ""informational"", ""similarity_score"": 0.64}, {""keyword"": ""how to file taxes online"", ""relationship_type"": ""intent"", ""intent_stage"": ""informational"", ""similarity_score"": 0.61}, {""keyword"": ""tax software pricing comparison"", ""relationship_type"": ""intent"", ""intent_stage"": ""comparison"", ""similarity_score"": 0.61}]"
Cleartax Pro,Tax Filing Software,Small business tax filing with bookkeeping integration,$49 flat,4.7,368,Solid import tools from payroll/accounting platforms,"Transparent, upfront pricing with no surprise add-ons",Audit-support add-on gives peace of mind,Good error-checking before submission,Upsells can feel aggressive during the filing flow,Mobile app has fewer features than desktop/web,Teams that need an easy setup without a long implementation cycle,https://www.cleartaxpro.com,https://www.cleartaxpro.com/pricing,2026-08-02,23,tax return software,audit support,how to file taxes online,"[{""keyword"": ""tax return software"", ""relationship_type"": ""lexical"", ""intent_stage"": ""commercial_investigation"", ""similarity_score"": 0.94}, {""keyword"": ""Cleartax Pro pricing"", ""relationship_type"": ""lexical"", ""intent_stage"": ""commercial_investigation"", ""similarity_score"": 0.92}, {""keyword"": ""Cleartax Pro reviews"", ""relationship_type"": ""lexical"", ""intent_stage"": ""comparison"", ""similarity_score"": 0.92}, {""keyword"": ""tax preparation software"", ""relationship_type"": ""lexical"", ""intent_stage"": ""commercial_investigation"", ""similarity_score"": 0.89}, {""keyword"": ""online tax filing"", ""relationship_type"": ""lexical"", ""intent_stage"": ""commercial_investigation"", ""similarity_score"": 0.88}, {""keyword"": ""audit support"", ""relationship_type"": ""semantic"", ""intent_stage"": ""informational"", ""similarity_score"": 0.81}, {""keyword"": ""how to file taxes online"", ""relationship_type"": ""intent"", ""intent_stage"": ""informational"", ""similarity_score"": 0.78}, {""keyword"": ""quarterly estimated taxes"", ""relationship_type"": ""semantic"", ""intent_stage"": ""informational"", ""similarity_score"": 0.74}, {""keyword"": ""tax software pricing comparison"", ""relationship_type"": ""intent"", ""intent_stage"": ""comparison"", ""similarity_score"": 0.72}, {""keyword"": ""best tax filing software"", ""relationship_type"": ""intent"", ""intent_stage"": ""comparison"", ""similarity_score"": 0.69}, {""keyword"": ""multi-state filing"", ""relationship_type"": ""semantic"", ""intent_stage"": ""informational"", ""similarity_score"": 0.64}]"
Formwise,Tax Filing Software,Small business tax filing with bookkeeping integration,$0 (simple returns),4.8,2848,Solid import tools from payroll/accounting platforms,Responsive support during peak filing season,Audit-support add-on gives peace of mind,Clear step-by-step guided filing flow,Upsells can feel aggressive during the filing flow,Mobile app has fewer features than desktop/web,Teams that need great support without a long implementation cycle,https://www.formwise.com,https://www.formwise.com/pricing,2026-03-28,150,tax preparation software,audit support,how to file taxes online,"[{""keyword"": ""tax preparation software"", ""relationship_type"": ""lexical"", ""intent_stage"": ""commercial_investigation"", ""similarity_score"": 0.97}, {""keyword"": ""Formwise reviews"", ""relationship_type"": ""lexical"", ""intent_stage"": ""comparison"", ""similarity_score"": 0.96}, {""keyword"": ""Formwise pricing"", ""relationship_type"": ""lexical"", ""intent_stage"": ""commercial_investigation"", ""similarity_score"": 0.95}, {""keyword"": ""tax return software"", ""relationship_type"": ""lexical"", ""intent_stage"": ""commercial_investigation"", ""similarity_score"": 0.94}, {""keyword"": ""online tax filing"", ""relationship_type"": ""lexical"", ""intent_stage"": ""commercial_investigation"", ""similarity_score"": 0.91}, {""keyword"": ""audit support"", ""relationship_type"": ""semantic"", ""intent_stage"": ""informational"", ""similarity_score"": 0.79}, {""keyword"": ""multi-state filing"", ""relationship_type"": ""semantic"", ""intent_stage"": ""informational"", ""similarity_score"": 0.77}, {""keyword"": ""how to file taxes online"", ""relationship_type"": ""intent"", ""intent_stage"": ""informational"", ""similarity_score"": 0.76}, {""keyword"": ""best tax filing software"", ""relationship_type"": ""intent"", ""intent_stage"": ""comparison"", ""similarity_score"": 0.66}, {""keyword"": ""deduction tracking"", ""relationship_type"": ""semantic"", ""intent_stage"": ""informational"", ""similarity_score"": 0.64}, {""keyword"": ""tax software pricing comparison"", ""relationship_type"": ""intent"", ""intent_stage"": ""comparison"", ""similarity_score"": 0.64}]"
Duefile,Tax Filing Software,Multi-state and multi-entity tax filing for growing businesses,$129 flat,4.3,1381,Clear step-by-step guided filing flow,Audit-support add-on gives peace of mind,Solid import tools from payroll/accounting platforms,"Transparent, upfront pricing with no surprise add-ons",Mobile app has fewer features than desktop/web,Free tier is limited to the simplest tax situations,Small teams prioritizing enterprise-grade compliance over deep customization,https://www.duefile.com,https://www.duefile.com/pricing,2026-05-07,110,tax return software,multi-state filing,how to file taxes online,"[{""keyword"": ""tax return software"", ""relationship_type"": ""lexical"", ""intent_stage"": ""commercial_investigation"", ""similarity_score"": 0.96}, {""keyword"": ""Duefile pricing"", ""relationship_type"": ""lexical"", ""intent_stage"": ""commercial_investigation"", ""similarity_score"": 0.96}, {""keyword"": ""online tax filing"", ""relationship_type"": ""lexical"", ""intent_stage"": ""commercial_investigation"", ""similarity_score"": 0.94}, {""keyword"": ""tax preparation software"", ""relationship_type"": ""lexical"", ""intent_stage"": ""commercial_investigation"", ""similarity_score"": 0.89}, {""keyword"": ""Duefile reviews"", ""relationship_type"": ""lexical"", ""intent_stage"": ""comparison"", ""similarity_score"": 0.89}, {""keyword"": ""multi-state filing"", ""relationship_type"": ""semantic"", ""intent_stage"": ""informational"", ""similarity_score"": 0.78}, {""keyword"": ""quarterly estimated taxes"", ""relationship_type"": ""semantic"", ""intent_stage"": ""informational"", ""similarity_score"": 0.69}, {""keyword"": ""deduction tracking"", ""relationship_type"": ""semantic"", ""intent_stage"": ""informational"", ""similarity_score"": 0.64}, {""keyword"": ""how to file taxes online"", ""relationship_type"": ""intent"", ""intent_stage"": ""informational"", ""similarity_score"": 0.64}, {""keyword"": ""tax software for freelancers"", ""relationship_type"": ""intent"", ""intent_stage"": ""commercial_investigation"", ""similarity_score"": 0.62}, {""keyword"": ""best tax filing software"", ""relationship_type"": ""intent"", ""intent_stage"": ""comparison"", ""similarity_score"": 0.58}]"
Bracketly,Tax Filing Software,Tax prep and filing built for freelancers and gig workers,$89 flat,4.3,2317,Responsive support during peak filing season,"Transparent, upfront pricing with no surprise add-ons",Clear step-by-step guided filing flow,Handles multi-state filings smoothly,Free tier is limited to the simplest tax situations,Upsells can feel aggressive during the filing flow,Buyers who value strong automation more than rock-bottom pricing,https://www.bracketly.com,https://www.bracketly.com/pricing,2026-03-26,152,Bracketly pricing,multi-state filing,tax software for freelancers,"[{""keyword"": ""Bracketly pricing"", ""relationship_type"": ""lexical"", ""intent_stage"": ""commercial_investigation"", ""similarity_score"": 0.98}, {""keyword"": ""Bracketly reviews"", ""relationship_type"": ""lexical"", ""intent_stage"": ""comparison"", ""similarity_score"": 0.96}, {""keyword"": ""tax preparation software"", ""relationship_type"": ""lexical"", ""intent_stage"": ""commercial_investigation"", ""similarity_score"": 0.92}, {""keyword"": ""online tax filing"", ""relationship_type"": ""lexical"", ""intent_stage"": ""commercial_investigation"", ""similarity_score"": 0.91}, {""keyword"": ""tax filing software"", ""relationship_type"": ""lexical"", ""intent_stage"": ""commercial_investigation"", ""similarity_score"": 0.89}, {""keyword"": ""multi-state filing"", ""relationship_type"": ""semantic"", ""intent_stage"": ""informational"", ""similarity_score"": 0.77}, {""keyword"": ""deduction tracking"", ""relationship_type"": ""semantic"", ""intent_stage"": ""informational"", ""similarity_score"": 0.68}, {""keyword"": ""audit support"", ""relationship_type"": ""semantic"", ""intent_stage"": ""informational"", ""similarity_score"": 0.66}, {""keyword"": ""tax software for freelancers"", ""relationship_type"": ""intent"", ""intent_stage"": ""commercial_investigation"", ""similarity_score"": 0.66}, {""keyword"": ""how to file taxes online"", ""relationship_type"": ""intent"", ""intent_stage"": ""informational"", ""similarity_score"": 0.66}, {""keyword"": ""best tax filing software"", ""relationship_type"": ""intent"", ""intent_stage"": ""comparison"", ""similarity_score"": 0.57}]"
Refundio,Tax Filing Software,CPA-assisted filing platform with review workflows,$0 (simple returns),4.3,1055,Audit-support add-on gives peace of mind,Handles multi-state filings smoothly,"Transparent, upfront pricing with no surprise add-ons",Good error-checking before submission,Mobile app has fewer features than desktop/web,Free tier is limited to the simplest tax situations,Growing companies that want flexible pricing as they scale,https://www.refundio.com,https://www.refundio.com/pricing,2026-08-24,1,Refundio pricing,quarterly estimated taxes,tax software pricing comparison,"[{""keyword"": ""Refundio pricing"", ""relationship_type"": ""lexical"", ""intent_stage"": ""commercial_investigation"", ""similarity_score"": 0.97}, {""keyword"": ""tax return software"", ""relationship_type"": ""lexical"", ""intent_stage"": ""commercial_investigation"", ""similarity_score"": 0.96}, {""keyword"": ""Refundio reviews"", ""relationship_type"": ""lexical"", ""intent_stage"": ""comparison"", ""similarity_score"": 0.96}, {""keyword"": ""tax preparation software"", ""relationship_type"": ""lexical"", ""intent_stage"": ""commercial_investigation"", ""similarity_score"": 0.91}, {""keyword"": ""online tax filing"", ""relationship_type"": ""lexical"", ""intent_stage"": ""commercial_investigation"", ""similarity_score"": 0.91}, {""keyword"": ""quarterly estimated taxes"", ""relationship_type"": ""semantic"", ""intent_stage"": ""informational"", ""similarity_score"": 0.77}, {""keyword"": ""multi-state filing"", ""relationship_type"": ""semantic"", ""intent_stage"": ""informational"", ""similarity_score"": 0.75}, {""keyword"": ""audit support"", ""relationship_type"": ""semantic"", ""intent_stage"": ""informational"", ""similarity_score"": 0.73}, {""keyword"": ""tax software pricing comparison"", ""relationship_type"": ""intent"", ""intent_stage"": ""comparison"", ""similarity_score"": 0.72}, {""keyword"": ""best tax filing software"", ""relationship_type"": ""intent"", ""intent_stage"": ""comparison"", ""similarity_score"": 0.67}, {""keyword"": ""tax software for freelancers"", ""relationship_type"": ""intent"", ""intent_stage"": ""commercial_investigation"", ""similarity_score"": 0.62}]"
Statement360,Tax Filing Software,Multi-state and multi-entity tax filing for growing businesses,$25 flat,4.2,1193,Handles multi-state filings smoothly,"Transparent, upfront pricing with no surprise add-ons",Solid import tools from payroll/accounting platforms,Clear step-by-step guided filing flow,Upsells can feel aggressive during the filing flow,Live CPA review costs extra and books up near deadlines,Buyers who value clean reporting more than rock-bottom pricing,https://www.statement360.com,https://www.statement360.com/pricing,2026-03-04,174,tax filing software,audit support,tax software pricing comparison,"[{""keyword"": ""tax filing software"", ""relationship_type"": ""lexical"", ""intent_stage"": ""commercial_investigation"", ""similarity_score"": 0.97}, {""keyword"": ""Statement360 pricing"", ""relationship_type"": ""lexical"", ""intent_stage"": ""commercial_investigation"", ""similarity_score"": 0.97}, {""keyword"": ""tax preparation software"", ""relationship_type"": ""lexical"", ""intent_stage"": ""commercial_investigation"", ""similarity_score"": 0.96}, {""keyword"": ""online tax filing"", ""relationship_type"": ""lexical"", ""intent_stage"": ""commercial_investigation"", ""similarity_score"": 0.9}, {""keyword"": ""Statement360 reviews"", ""relationship_type"": ""lexical"", ""intent_stage"": ""comparison"", ""similarity_score"": 0.89}, {""keyword"": ""tax software pricing comparison"", ""relationship_type"": ""intent"", ""intent_stage"": ""comparison"", ""similarity_score"": 0.8}, {""keyword"": ""tax software for freelancers"", ""relationship_type"": ""intent"", ""intent_stage"": ""commercial_investigation"", ""similarity_score"": 0.75}, {""keyword"": ""audit support"", ""relationship_type"": ""semantic"", ""intent_stage"": ""informational"", ""similarity_score"": 0.69}, {""keyword"": ""multi-state filing"", ""relationship_type"": ""semantic"", ""intent_stage"": ""informational"", ""similarity_score"": 0.68}, {""keyword"": ""quarterly estimated taxes"", ""relationship_type"": ""semantic"", ""intent_stage"": ""informational"", ""similarity_score"": 0.65}, {""keyword"": ""best tax filing software"", ""relationship_type"": ""intent"", ""intent_stage"": ""comparison"", ""similarity_score"": 0.57}]"
Taxwell,Tax Filing Software,CPA-assisted filing platform with review workflows,$129 flat,4.3,2120,Handles multi-state filings smoothly,Audit-support add-on gives peace of mind,"Transparent, upfront pricing with no surprise add-ons",Clear step-by-step guided filing flow,Live CPA review costs extra and books up near deadlines,Mobile app has fewer features than desktop/web,Buyers who value strong automation more than rock-bottom pricing,https://www.taxwell.com,https://www.taxwell.com/pricing,2026-07-29,27,Taxwell pricing,deduction tracking,tax software pricing comparison,"[{""keyword"": ""Taxwell pricing"", ""relationship_type"": ""lexical"", ""intent_stage"": ""commercial_investigation"", ""similarity_score"": 0.96}, {""keyword"": ""online tax filing"", ""relationship_type"": ""lexical"", ""intent_stage"": ""commercial_investigation"", ""similarity_score"": 0.94}, {""keyword"": ""tax return software"", ""relationship_type"": ""lexical"", ""intent_stage"": ""commercial_investigation"", ""similarity_score"": 0.94}, {""keyword"": ""Taxwell reviews"", ""relationship_type"": ""lexical"", ""intent_stage"": ""comparison"", ""similarity_score"": 0.94}, {""keyword"": ""tax preparation software"", ""relationship_type"": ""lexical"", ""intent_stage"": ""commercial_investigation"", ""similarity_score"": 0.9}, {""keyword"": ""tax software pricing comparison"", ""relationship_type"": ""intent"", ""intent_stage"": ""comparison"", ""similarity_score"": 0.74}, {""keyword"": ""deduction tracking"", ""relationship_type"": ""semantic"", ""intent_stage"": ""informational"", ""similarity_score"": 0.73}, {""keyword"": ""best tax filing software"", ""relationship_type"": ""intent"", ""intent_stage"": ""comparison"", ""similarity_score"": 0.7}, {""keyword"": ""multi-state filing"", ""relationship_type"": ""semantic"", ""intent_stage"": ""informational"", ""similarity_score"": 0.68}, {""keyword"": ""tax software for freelancers"", ""relationship_type"": ""intent"", ""intent_stage"": ""commercial_investigation"", ""similarity_score"": 0.65}, {""keyword"": ""audit support"", ""relationship_type"": ""semantic"", ""intent_stage"": ""informational"", ""similarity_score"": 0.62}]"
Filepath,Tax Filing Software,Multi-state and multi-entity tax filing for growing businesses,$25 flat,4.2,145,"Transparent, upfront pricing with no surprise add-ons",Clear step-by-step guided filing flow,Solid import tools from payroll/accounting platforms,Handles multi-state filings smoothly,Free tier is limited to the simplest tax situations,Mobile app has fewer features than desktop/web,Growing companies that want fast onboarding as they scale,https://www.filepath.com,https://www.filepath.com/pricing,2026-06-07,79,Filepath pricing,quarterly estimated taxes,how to file taxes online,"[{""keyword"": ""Filepath pricing"", ""relationship_type"": ""lexical"", ""intent_stage"": ""commercial_investigation"", ""similarity_score"": 0.96}, {""keyword"": ""online tax filing"", ""relationship_type"": ""lexical"", ""intent_stage"": ""commercial_investigation"", ""similarity_score"": 0.93}, {""keyword"": ""Filepath reviews"", ""relationship_type"": ""lexical"", ""intent_stage"": ""comparison"", ""similarity_score"": 0.92}, {""keyword"": ""tax preparation software"", ""relationship_type"": ""lexical"", ""intent_stage"": ""commercial_investigation"", ""similarity_score"": 0.91}, {""keyword"": ""tax filing software"", ""relationship_type"": ""lexical"", ""intent_stage"": ""commercial_investigation"", ""similarity_score"": 0.89}, {""keyword"": ""quarterly estimated taxes"", ""relationship_type"": ""semantic"", ""intent_stage"": ""informational"", ""similarity_score"": 0.81}, {""keyword"": ""deduction tracking"", ""relationship_type"": ""semantic"", ""intent_stage"": ""informational"", ""similarity_score"": 0.8}, {""keyword"": ""how to file taxes online"", ""relationship_type"": ""intent"", ""intent_stage"": ""informational"", ""similarity_score"": 0.78}, {""keyword"": ""best tax filing software"", ""relationship_type"": ""intent"", ""intent_stage"": ""comparison"", ""similarity_score"": 0.74}, {""keyword"": ""tax software pricing comparison"", ""relationship_type"": ""intent"", ""intent_stage"": ""comparison"", ""similarity_score"": 0.68}, {""keyword"": ""multi-state filing"", ""relationship_type"": ""semantic"", ""intent_stage"": ""informational"", ""similarity_score"": 0.65}]"
Ledgerfox,Tax Filing Software,Multi-state and multi-entity tax filing for growing businesses,$25 flat,4.2,1791,"Transparent, upfront pricing with no surprise add-ons",Good error-checking before submission,Handles multi-state filings smoothly,Audit-support add-on gives peace of mind,Upsells can feel aggressive during the filing flow,Live CPA review costs extra and books up near deadlines,Organizations that need enterprise-grade compliance and strong integrations,https://www.ledgerfox.com,https://www.ledgerfox.com/pricing,2026-08-18,7,Ledgerfox pricing,deduction tracking,tax software pricing comparison,"[{""keyword"": ""Ledgerfox pricing"", ""relationship_type"": ""lexical"", ""intent_stage"": ""commercial_investigation"", ""similarity_score"": 0.97}, {""keyword"": ""tax return software"", ""relationship_type"": ""lexical"", ""intent_stage"": ""commercial_investigation"", ""similarity_score"": 0.95}, {""keyword"": ""Ledgerfox reviews"", ""relationship_type"": ""lexical"", ""intent_stage"": ""comparison"", ""similarity_score"": 0.95}, {""keyword"": ""tax preparation software"", ""relationship_type"": ""lexical"", ""intent_stage"": ""commercial_investigation"", ""similarity_score"": 0.92}, {""keyword"": ""online tax filing"", ""relationship_type"": ""lexical"", ""intent_stage"": ""commercial_investigation"", ""similarity_score"": 0.9}, {""keyword"": ""deduction tracking"", ""relationship_type"": ""semantic"", ""intent_stage"": ""informational"", ""similarity_score"": 0.8}, {""keyword"": ""tax software pricing comparison"", ""relationship_type"": ""intent"", ""intent_stage"": ""comparison"", ""similarity_score"": 0.77}, {""keyword"": ""audit support"", ""relationship_type"": ""semantic"", ""intent_stage"": ""informational"", ""similarity_score"": 0.74}, {""keyword"": ""quarterly estimated taxes"", ""relationship_type"": ""semantic"", ""intent_stage"": ""informational"", ""similarity_score"": 0.7}, {""keyword"": ""how to file taxes online"", ""relationship_type"": ""intent"", ""intent_stage"": ""informational"", ""similarity_score"": 0.68}, {""keyword"": ""tax software for freelancers"", ""relationship_type"": ""intent"", ""intent_stage"": ""commercial_investigation"", ""similarity_score"": 0.62}]"
Schedulely Tax,Tax Filing Software,Enterprise tax compliance and e-filing suite,$49 flat,4.5,2548,"Transparent, upfront pricing with no surprise add-ons",Responsive support during peak filing season,Clear step-by-step guided filing flow,Solid import tools from payroll/accounting platforms,Live CPA review costs extra and books up near deadlines,Upsells can feel aggressive during the filing flow,Buyers who value clean reporting more than rock-bottom pricing,https://www.schedulelytax.com,https://www.schedulelytax.com/pricing,2026-03-06,172,online tax filing,multi-state filing,tax software for freelancers,"[{""keyword"": ""online tax filing"", ""relationship_type"": ""lexical"", ""intent_stage"": ""commercial_investigation"", ""similarity_score"": 0.95}, {""keyword"": ""tax return software"", ""relationship_type"": ""lexical"", ""intent_stage"": ""commercial_investigation"", ""similarity_score"": 0.91}, {""keyword"": ""Schedulely Tax pricing"", ""relationship_type"": ""lexical"", ""intent_stage"": ""commercial_investigation"", ""similarity_score"": 0.91}, {""keyword"": ""Schedulely Tax reviews"", ""relationship_type"": ""lexical"", ""intent_stage"": ""comparison"", ""similarity_score"": 0.91}, {""keyword"": ""tax filing software"", ""relationship_type"": ""lexical"", ""intent_stage"": ""commercial_investigation"", ""similarity_score"": 0.9}, {""keyword"": ""multi-state filing"", ""relationship_type"": ""semantic"", ""intent_stage"": ""informational"", ""similarity_score"": 0.71}, {""keyword"": ""quarterly estimated taxes"", ""relationship_type"": ""semantic"", ""intent_stage"": ""informational"", ""similarity_score"": 0.7}, {""keyword"": ""tax software for freelancers"", ""relationship_type"": ""intent"", ""intent_stage"": ""commercial_investigation"", ""similarity_score"": 0.69}, {""keyword"": ""tax software pricing comparison"", ""relationship_type"": ""intent"", ""intent_stage"": ""comparison"", ""similarity_score"": 0.67}, {""keyword"": ""audit support"", ""relationship_type"": ""semantic"", ""intent_stage"": ""informational"", ""similarity_score"": 0.65}, {""keyword"": ""how to file taxes online"", ""relationship_type"": ""intent"", ""intent_stage"": ""informational"", ""similarity_score"": 0.59}]"
Reconcila,Tax Filing Software,Small business tax filing with bookkeeping integration,$89 flat,4.5,1515,Clear step-by-step guided filing flow,"Transparent, upfront pricing with no surprise add-ons",Good error-checking before submission,Responsive support during peak filing season,Mobile app has fewer features than desktop/web,Live CPA review costs extra and books up near deadlines,Buyers who value a polished user experience more than rock-bottom pricing,https://www.reconcila.com,https://www.reconcila.com/pricing,2026-05-13,104,Reconcila pricing,multi-state filing,tax software pricing comparison,"[{""keyword"": ""Reconcila pricing"", ""relationship_type"": ""lexical"", ""intent_stage"": ""commercial_investigation"", ""similarity_score"": 0.97}, {""keyword"": ""tax return software"", ""relationship_type"": ""lexical"", ""intent_stage"": ""commercial_investigation"", ""similarity_score"": 0.93}, {""keyword"": ""Reconcila reviews"", ""relationship_type"": ""lexical"", ""intent_stage"": ""comparison"", ""similarity_score"": 0.91}, {""keyword"": ""tax preparation software"", ""relationship_type"": ""lexical"", ""intent_stage"": ""commercial_investigation"", ""similarity_score"": 0.89}, {""keyword"": ""online tax filing"", ""relationship_type"": ""lexical"", ""intent_stage"": ""commercial_investigation"", ""similarity_score"": 0.88}, {""keyword"": ""multi-state filing"", ""relationship_type"": ""semantic"", ""intent_stage"": ""informational"", ""similarity_score"": 0.78}, {""keyword"": ""deduction tracking"", ""relationship_type"": ""semantic"", ""intent_stage"": ""informational"", ""similarity_score"": 0.72}, {""keyword"": ""tax software pricing comparison"", ""relationship_type"": ""intent"", ""intent_stage"": ""comparison"", ""similarity_score"": 0.69}, {""keyword"": ""how to file taxes online"", ""relationship_type"": ""intent"", ""intent_stage"": ""informational"", ""similarity_score"": 0.69}, {""keyword"": ""audit support"", ""relationship_type"": ""semantic"", ""intent_stage"": ""informational"", ""similarity_score"": 0.66}, {""keyword"": ""best tax filing software"", ""relationship_type"": ""intent"", ""intent_stage"": ""comparison"", ""similarity_score"": 0.62}]"
Quarterna,Tax Filing Software,Small business tax filing with bookkeeping integration,$129 flat,4.7,215,Handles multi-state filings smoothly,Audit-support add-on gives peace of mind,"Transparent, upfront pricing with no surprise add-ons",Good error-checking before submission,Mobile app has fewer features than desktop/web,Free tier is limited to the simplest tax situations,Growing companies that want flexible pricing as they scale,https://www.quarterna.com,https://www.quarterna.com/pricing,2026-08-17,8,tax return software,multi-state filing,tax software for freelancers,"[{""keyword"": ""tax return software"", ""relationship_type"": ""lexical"", ""intent_stage"": ""commercial_investigation"", ""similarity_score"": 0.97}, {""keyword"": ""online tax filing"", ""relationship_type"": ""lexical"", ""intent_stage"": ""commercial_investigation"", ""similarity_score"": 0.97}, {""keyword"": ""Quarterna reviews"", ""relationship_type"": ""lexical"", ""intent_stage"": ""comparison"", ""similarity_score"": 0.95}, {""keyword"": ""Quarterna pricing"", ""relationship_type"": ""lexical"", ""intent_stage"": ""commercial_investigation"", ""similarity_score"": 0.91}, {""keyword"": ""tax preparation software"", ""relationship_type"": ""lexical"", ""intent_stage"": ""commercial_investigation"", ""similarity_score"": 0.89}, {""keyword"": ""multi-state filing"", ""relationship_type"": ""semantic"", ""intent_stage"": ""informational"", ""similarity_score"": 0.81}, {""keyword"": ""audit support"", ""relationship_type"": ""semantic"", ""intent_stage"": ""informational"", ""similarity_score"": 0.75}, {""keyword"": ""tax software for freelancers"", ""relationship_type"": ""intent"", ""intent_stage"": ""commercial_investigation"", ""similarity_score"": 0.75}, {""keyword"": ""quarterly estimated taxes"", ""relationship_type"": ""semantic"", ""intent_stage"": ""informational"", ""similarity_score"": 0.71}, {""keyword"": ""how to file taxes online"", ""relationship_type"": ""intent"", ""intent_stage"": ""informational"", ""similarity_score"": 0.69}, {""keyword"": ""best tax filing software"", ""relationship_type"": ""intent"", ""intent_stage"": ""comparison"", ""similarity_score"": 0.68}]"
Netfile Plus,Tax Filing Software,Multi-state and multi-entity tax filing for growing businesses,$129 flat,4.1,2928,Solid import tools from payroll/accounting platforms,Handles multi-state filings smoothly,Responsive support during peak filing season,Audit-support add-on gives peace of mind,Free tier is limited to the simplest tax situations,Mobile app has fewer features than desktop/web,Organizations that need an easy setup and strong integrations,https://www.netfileplus.com,https://www.netfileplus.com/pricing,2026-06-16,70,Netfile Plus pricing,quarterly estimated taxes,tax software for freelancers,"[{""keyword"": ""Netfile Plus pricing"", ""relationship_type"": ""lexical"", ""intent_stage"": ""commercial_investigation"", ""similarity_score"": 0.97}, {""keyword"": ""tax filing software"", ""relationship_type"": ""lexical"", ""intent_stage"": ""commercial_investigation"", ""similarity_score"": 0.96}, {""keyword"": ""online tax filing"", ""relationship_type"": ""lexical"", ""intent_stage"": ""commercial_investigation"", ""similarity_score"": 0.95}, {""keyword"": ""Netfile Plus reviews"", ""relationship_type"": ""lexical"", ""intent_stage"": ""comparison"", ""similarity_score"": 0.94}, {""keyword"": ""tax preparation software"", ""relationship_type"": ""lexical"", ""intent_stage"": ""commercial_investigation"", ""similarity_score"": 0.9}, {""keyword"": ""tax software for freelancers"", ""relationship_type"": ""intent"", ""intent_stage"": ""commercial_investigation"", ""similarity_score"": 0.77}, {""keyword"": ""quarterly estimated taxes"", ""relationship_type"": ""semantic"", ""intent_stage"": ""informational"", ""similarity_score"": 0.76}, {""keyword"": ""how to file taxes online"", ""relationship_type"": ""intent"", ""intent_stage"": ""informational"", ""similarity_score"": 0.72}, {""keyword"": ""deduction tracking"", ""relationship_type"": ""semantic"", ""intent_stage"": ""informational"", ""similarity_score"": 0.7}, {""keyword"": ""best tax filing software"", ""relationship_type"": ""intent"", ""intent_stage"": ""comparison"", ""similarity_score"": 0.66}, {""keyword"": ""multi-state filing"", ""relationship_type"": ""semantic"", ""intent_stage"": ""informational"", ""similarity_score"": 0.64}]"
Sendloop,Email Marketing Software,Enterprise email marketing with advanced segmentation,$20/mo,4.5,3046,Clean drag-and-drop editor with solid templates,Helpful pre-built automation recipes,Detailed campaign analytics and A/B testing,Good segmentation and behavioral trigger options,Advanced automation locked behind higher-tier plans,Template editor can feel restrictive for custom HTML,Organizations that need great support and strong integrations,https://www.sendloop.com,https://www.sendloop.com/pricing,2026-05-08,109,Sendloop reviews,audience segmentation,best email marketing software,"[{""keyword"": ""Sendloop reviews"", ""relationship_type"": ""lexical"", ""intent_stage"": ""comparison"", ""similarity_score"": 0.96}, {""keyword"": ""newsletter software"", ""relationship_type"": ""lexical"", ""intent_stage"": ""commercial_investigation"", ""similarity_score"": 0.93}, {""keyword"": ""email marketing platform"", ""relationship_type"": ""lexical"", ""intent_stage"": ""commercial_investigation"", ""similarity_score"": 0.91}, {""keyword"": ""email campaign tool"", ""relationship_type"": ""lexical"", ""intent_stage"": ""commercial_investigation"", ""similarity_score"": 0.91}, {""keyword"": ""Sendloop pricing"", ""relationship_type"": ""lexical"", ""intent_stage"": ""commercial_investigation"", ""similarity_score"": 0.91}, {""keyword"": ""audience segmentation"", ""relationship_type"": ""semantic"", ""intent_stage"": ""informational"", ""similarity_score"": 0.8}, {""keyword"": ""best email marketing software"", ""relationship_type"": ""intent"", ""intent_stage"": ""comparison"", ""similarity_score"": 0.79}, {""keyword"": ""A/B testing campaigns"", ""relationship_type"": ""semantic"", ""intent_stage"": ""informational"", ""similarity_score"": 0.76}, {""keyword"": ""how to grow an email list"", ""relationship_type"": ""intent"", ""intent_stage"": ""informational"", ""similarity_score"": 0.66}, {""keyword"": ""deliverability rate"", ""relationship_type"": ""semantic"", ""intent_stage"": ""informational"", ""similarity_score"": 0.63}, {""keyword"": ""email marketing platform pricing"", ""relationship_type"": ""intent"", ""intent_stage"": ""comparison"", ""similarity_score"": 0.55}]"
Mailcrate,Email Marketing Software,Marketing automation platform with deep e-commerce integrations,$99/mo,4.8,2707,Good segmentation and behavioral trigger options,Strong deliverability and inbox placement rates,Generous free tier for small lists,Clean drag-and-drop editor with solid templates,Template editor can feel restrictive for custom HTML,List cleaning/deduplication tools are basic,Teams that need fast onboarding without a long implementation cycle,https://www.mailcrate.com,https://www.mailcrate.com/pricing,2026-03-08,170,email campaign tool,audience segmentation,best email marketing software,"[{""keyword"": ""email campaign tool"", ""relationship_type"": ""lexical"", ""intent_stage"": ""commercial_investigation"", ""similarity_score"": 0.96}, {""keyword"": ""email marketing software"", ""relationship_type"": ""lexical"", ""intent_stage"": ""commercial_investigation"", ""similarity_score"": 0.95}, {""keyword"": ""email marketing platform"", ""relationship_type"": ""lexical"", ""intent_stage"": ""commercial_investigation"", ""similarity_score"": 0.94}, {""keyword"": ""Mailcrate pricing"", ""relationship_type"": ""lexical"", ""intent_stage"": ""commercial_investigation"", ""similarity_score"": 0.94}, {""keyword"": ""Mailcrate reviews"", ""relationship_type"": ""lexical"", ""intent_stage"": ""comparison"", ""similarity_score"": 0.89}, {""keyword"": ""best email marketing software"", ""relationship_type"": ""intent"", ""intent_stage"": ""comparison"", ""similarity_score"": 0.8}, {""keyword"": ""how to grow an email list"", ""relationship_type"": ""intent"", ""intent_stage"": ""informational"", ""similarity_score"": 0.75}, {""keyword"": ""audience segmentation"", ""relationship_type"": ""semantic"", ""intent_stage"": ""informational"", ""similarity_score"": 0.72}, {""keyword"": ""email marketing platform pricing"", ""relationship_type"": ""intent"", ""intent_stage"": ""comparison"", ""similarity_score"": 0.72}, {""keyword"": ""deliverability rate"", ""relationship_type"": ""semantic"", ""intent_stage"": ""informational"", ""similarity_score"": 0.67}, {""keyword"": ""A/B testing campaigns"", ""relationship_type"": ""semantic"", ""intent_stage"": ""informational"", ""similarity_score"": 0.65}]"
Inboxframe,Email Marketing Software,Enterprise email marketing with advanced segmentation,$99/mo,4.0,335,Strong deliverability and inbox placement rates,Detailed campaign analytics and A/B testing,Clean drag-and-drop editor with solid templates,Easy integrations with major e-commerce platforms,Advanced automation locked behind higher-tier plans,List cleaning/deduplication tools are basic,Small teams prioritizing flexible pricing over deep customization,https://www.inboxframe.com,https://www.inboxframe.com/pricing,2026-07-21,35,email marketing software,automation workflow,best email marketing software,"[{""keyword"": ""email marketing software"", ""relationship_type"": ""lexical"", ""intent_stage"": ""commercial_investigation"", ""similarity_score"": 0.94}, {""keyword"": ""newsletter software"", ""relationship_type"": ""lexical"", ""intent_stage"": ""commercial_investigation"", ""similarity_score"": 0.94}, {""keyword"": ""Inboxframe pricing"", ""relationship_type"": ""lexical"", ""intent_stage"": ""commercial_investigation"", ""similarity_score"": 0.91}, {""keyword"": ""Inboxframe reviews"", ""relationship_type"": ""lexical"", ""intent_stage"": ""comparison"", ""similarity_score"": 0.91}, {""keyword"": ""email campaign tool"", ""relationship_type"": ""lexical"", ""intent_stage"": ""commercial_investigation"", ""similarity_score"": 0.89}, {""keyword"": ""automation workflow"", ""relationship_type"": ""semantic"", ""intent_stage"": ""informational"", ""similarity_score"": 0.82}, {""keyword"": ""deliverability rate"", ""relationship_type"": ""semantic"", ""intent_stage"": ""informational"", ""similarity_score"": 0.76}, {""keyword"": ""best email marketing software"", ""relationship_type"": ""intent"", ""intent_stage"": ""comparison"", ""similarity_score"": 0.73}, {""keyword"": ""audience segmentation"", ""relationship_type"": ""semantic"", ""intent_stage"": ""informational"", ""similarity_score"": 0.72}, {""keyword"": ""email marketing software for small business"", ""relationship_type"": ""intent"", ""intent_stage"": ""commercial_investigation"", ""similarity_score"": 0.59}, {""keyword"": ""how to grow an email list"", ""relationship_type"": ""intent"", ""intent_stage"": ""informational"", ""similarity_score"": 0.58}]"
Broadcastly,Email Marketing Software,Newsletter-first platform built for creators and publishers,$35/mo,4.2,617,Strong deliverability and inbox placement rates,Good segmentation and behavioral trigger options,Clean drag-and-drop editor with solid templates,Generous free tier for small lists,Template editor can feel restrictive for custom HTML,Pricing scales quickly as list size grows,Teams that need flexible pricing without a long implementation cycle,https://www.broadcastly.com,https://www.broadcastly.com/pricing,2026-07-04,52,Broadcastly pricing,automation workflow,email marketing software for small business,"[{""keyword"": ""Broadcastly pricing"", ""relationship_type"": ""lexical"", ""intent_stage"": ""commercial_investigation"", ""similarity_score"": 0.99}, {""keyword"": ""email campaign tool"", ""relationship_type"": ""lexical"", ""intent_stage"": ""commercial_investigation"", ""similarity_score"": 0.97}, {""keyword"": ""Broadcastly reviews"", ""relationship_type"": ""lexical"", ""intent_stage"": ""comparison"", ""similarity_score"": 0.92}, {""keyword"": ""email marketing platform"", ""relationship_type"": ""lexical"", ""intent_stage"": ""commercial_investigation"", ""similarity_score"": 0.91}, {""keyword"": ""newsletter software"", ""relationship_type"": ""lexical"", ""intent_stage"": ""commercial_investigation"", ""similarity_score"": 0.89}, {""keyword"": ""automation workflow"", ""relationship_type"": ""semantic"", ""intent_stage"": ""informational"", ""similarity_score"": 0.82}, {""keyword"": ""email marketing software for small business"", ""relationship_type"": ""intent"", ""intent_stage"": ""commercial_investigation"", ""similarity_score"": 0.77}, {""keyword"": ""audience segmentation"", ""relationship_type"": ""semantic"", ""intent_stage"": ""informational"", ""similarity_score"": 0.76}, {""keyword"": ""best email marketing software"", ""relationship_type"": ""intent"", ""intent_stage"": ""comparison"", ""similarity_score"": 0.69}, {""keyword"": ""A/B testing campaigns"", ""relationship_type"": ""semantic"", ""intent_stage"": ""informational"", ""similarity_score"": 0.64}, {""keyword"": ""how to grow an email list"", ""relationship_type"": ""intent"", ""intent_stage"": ""informational"", ""similarity_score"": 0.58}]"
Driply,Email Marketing Software,Newsletter-first platform built for creators and publishers,$60/mo,4.6,3169,Detailed campaign analytics and A/B testing,Clean drag-and-drop editor with solid templates,Helpful pre-built automation recipes,Easy integrations with major e-commerce platforms,Advanced automation locked behind higher-tier plans,List cleaning/deduplication tools are basic,Growing companies that want an easy setup as they scale,https://www.driply.com,https://www.driply.com/pricing,2026-08-10,15,Driply pricing,A/B testing campaigns,email marketing platform pricing,"[{""keyword"": ""Driply pricing"", ""relationship_type"": ""lexical"", ""intent_stage"": ""commercial_investigation"", ""similarity_score"": 0.96}, {""keyword"": ""email campaign tool"", ""relationship_type"": ""lexical"", ""intent_stage"": ""commercial_investigation"", ""similarity_score"": 0.94}, {""keyword"": ""newsletter software"", ""relationship_type"": ""lexical"", ""intent_stage"": ""commercial_investigation"", ""similarity_score"": 0.93}, {""keyword"": ""email marketing platform"", ""relationship_type"": ""lexical"", ""intent_stage"": ""commercial_investigation"", ""similarity_score"": 0.92}, {""keyword"": ""Driply reviews"", ""relationship_type"": ""lexical"", ""intent_stage"": ""comparison"", ""similarity_score"": 0.89}, {""keyword"": ""email marketing platform pricing"", ""relationship_type"": ""intent"", ""intent_stage"": ""comparison"", ""similarity_score"": 0.76}, {""keyword"": ""A/B testing campaigns"", ""relationship_type"": ""semantic"", ""intent_stage"": ""informational"", ""similarity_score"": 0.73}, {""keyword"": ""best email marketing software"", ""relationship_type"": ""intent"", ""intent_stage"": ""comparison"", ""similarity_score"": 0.71}, {""keyword"": ""automation workflow"", ""relationship_type"": ""semantic"", ""intent_stage"": ""informational"", ""similarity_score"": 0.69}, {""keyword"": ""audience segmentation"", ""relationship_type"": ""semantic"", ""intent_stage"": ""informational"", ""similarity_score"": 0.66}, {""keyword"": ""email marketing software for small business"", ""relationship_type"": ""intent"", ""intent_stage"": ""commercial_investigation"", ""similarity_score"": 0.65}]"
Campaignwell,Email Marketing Software,Simple email tool for solopreneurs and side projects,$99/mo,4.0,2906,Detailed campaign analytics and A/B testing,Helpful pre-built automation recipes,Strong deliverability and inbox placement rates,Clean drag-and-drop editor with solid templates,List cleaning/deduplication tools are basic,Advanced automation locked behind higher-tier plans,Organizations that need strong automation and strong integrations,https://www.campaignwell.com,https://www.campaignwell.com/pricing,2026-05-01,116,Campaignwell reviews,audience segmentation,how to grow an email list,"[{""keyword"": ""Campaignwell reviews"", ""relationship_type"": ""lexical"", ""intent_stage"": ""comparison"", ""similarity_score"": 0.97}, {""keyword"": ""email marketing platform"", ""relationship_type"": ""lexical"", ""intent_stage"": ""commercial_investigation"", ""similarity_score"": 0.95}, {""keyword"": ""email campaign tool"", ""relationship_type"": ""lexical"", ""intent_stage"": ""commercial_investigation"", ""similarity_score"": 0.95}, {""keyword"": ""Campaignwell pricing"", ""relationship_type"": ""lexical"", ""intent_stage"": ""commercial_investigation"", ""similarity_score"": 0.91}, {""keyword"": ""email marketing software"", ""relationship_type"": ""lexical"", ""intent_stage"": ""commercial_investigation"", ""similarity_score"": 0.89}, {""keyword"": ""audience segmentation"", ""relationship_type"": ""semantic"", ""intent_stage"": ""informational"", ""similarity_score"": 0.79}, {""keyword"": ""how to grow an email list"", ""relationship_type"": ""intent"", ""intent_stage"": ""informational"", ""similarity_score"": 0.75}, {""keyword"": ""automation workflow"", ""relationship_type"": ""semantic"", ""intent_stage"": ""informational"", ""similarity_score"": 0.68}, {""keyword"": ""deliverability rate"", ""relationship_type"": ""semantic"", ""intent_stage"": ""informational"", ""similarity_score"": 0.65}, {""keyword"": ""email marketing platform pricing"", ""relationship_type"": ""intent"", ""intent_stage"": ""comparison"", ""similarity_score"": 0.62}, {""keyword"": ""email marketing software for small business"", ""relationship_type"": ""intent"", ""intent_stage"": ""commercial_investigation"", ""similarity_score"": 0.57}]"
Newsfold,Email Marketing Software,Simple email tool for solopreneurs and side projects,$60/mo,4.5,2077,Detailed campaign analytics and A/B testing,Easy integrations with major e-commerce platforms,Good segmentation and behavioral trigger options,Clean drag-and-drop editor with solid templates,Pricing scales quickly as list size grows,Template editor can feel restrictive for custom HTML,Growing companies that want fast onboarding as they scale,https://www.newsfold.com,https://www.newsfold.com/pricing,2026-07-16,40,Newsfold pricing,deliverability rate,email marketing software for small business,"[{""keyword"": ""Newsfold pricing"", ""relationship_type"": ""lexical"", ""intent_stage"": ""commercial_investigation"", ""similarity_score"": 0.98}, {""keyword"": ""email marketing software"", ""relationship_type"": ""lexical"", ""intent_stage"": ""commercial_investigation"", ""similarity_score"": 0.93}, {""keyword"": ""newsletter software"", ""relationship_type"": ""lexical"", ""intent_stage"": ""commercial_investigation"", ""similarity_score"": 0.9}, {""keyword"": ""Newsfold reviews"", ""relationship_type"": ""lexical"", ""intent_stage"": ""comparison"", ""similarity_score"": 0.9}, {""keyword"": ""email campaign tool"", ""relationship_type"": ""lexical"", ""intent_stage"": ""commercial_investigation"", ""similarity_score"": 0.88}, {""keyword"": ""deliverability rate"", ""relationship_type"": ""semantic"", ""intent_stage"": ""informational"", ""similarity_score"": 0.83}, {""keyword"": ""A/B testing campaigns"", ""relationship_type"": ""semantic"", ""intent_stage"": ""informational"", ""similarity_score"": 0.82}, {""keyword"": ""email marketing software for small business"", ""relationship_type"": ""intent"", ""intent_stage"": ""commercial_investigation"", ""similarity_score"": 0.78}, {""keyword"": ""automation workflow"", ""relationship_type"": ""semantic"", ""intent_stage"": ""informational"", ""similarity_score"": 0.66}, {""keyword"": ""how to grow an email list"", ""relationship_type"": ""intent"", ""intent_stage"": ""informational"", ""similarity_score"": 0.61}, {""keyword"": ""best email marketing software"", ""relationship_type"": ""intent"", ""intent_stage"": ""comparison"", ""similarity_score"": 0.61}]"
Reachpath,Email Marketing Software,Newsletter-first platform built for creators and publishers,$20/mo,4.7,2386,Good segmentation and behavioral trigger options,Clean drag-and-drop editor with solid templates,Easy integrations with major e-commerce platforms,Helpful pre-built automation recipes,List cleaning/deduplication tools are basic,Advanced automation locked behind higher-tier plans,Buyers who value an easy setup more than rock-bottom pricing,https://www.reachpath.com,https://www.reachpath.com/pricing,2026-05-15,102,email marketing software,deliverability rate,how to grow an email list,"[{""keyword"": ""email marketing software"", ""relationship_type"": ""lexical"", ""intent_stage"": ""commercial_investigation"", ""similarity_score"": 0.96}, {""keyword"": ""Reachpath pricing"", ""relationship_type"": ""lexical"", ""intent_stage"": ""commercial_investigation"", ""similarity_score"": 0.94}, {""keyword"": ""email marketing platform"", ""relationship_type"": ""lexical"", ""intent_stage"": ""commercial_investigation"", ""similarity_score"": 0.91}, {""keyword"": ""Reachpath reviews"", ""relationship_type"": ""lexical"", ""intent_stage"": ""comparison"", ""similarity_score"": 0.91}, {""keyword"": ""newsletter software"", ""relationship_type"": ""lexical"", ""intent_stage"": ""commercial_investigation"", ""similarity_score"": 0.89}, {""keyword"": ""deliverability rate"", ""relationship_type"": ""semantic"", ""intent_stage"": ""informational"", ""similarity_score"": 0.78}, {""keyword"": ""how to grow an email list"", ""relationship_type"": ""intent"", ""intent_stage"": ""informational"", ""similarity_score"": 0.78}, {""keyword"": ""automation workflow"", ""relationship_type"": ""semantic"", ""intent_stage"": ""informational"", ""similarity_score"": 0.7}, {""keyword"": ""A/B testing campaigns"", ""relationship_type"": ""semantic"", ""intent_stage"": ""informational"", ""similarity_score"": 0.67}, {""keyword"": ""email marketing platform pricing"", ""relationship_type"": ""intent"", ""intent_stage"": ""comparison"", ""similarity_score"": 0.59}, {""keyword"": ""best email marketing software"", ""relationship_type"": ""intent"", ""intent_stage"": ""comparison"", ""similarity_score"": 0.56}]"
Listforge,Email Marketing Software,Transactional plus marketing email in one platform,$20/mo,4.5,2885,Clean drag-and-drop editor with solid templates,Good segmentation and behavioral trigger options,Generous free tier for small lists,Detailed campaign analytics and A/B testing,Template editor can feel restrictive for custom HTML,Advanced automation locked behind higher-tier plans,Growing companies that want great support as they scale,https://www.listforge.com,https://www.listforge.com/pricing,2026-05-10,107,Listforge pricing,audience segmentation,how to grow an email list,"[{""keyword"": ""Listforge pricing"", ""relationship_type"": ""lexical"", ""intent_stage"": ""commercial_investigation"", ""similarity_score"": 0.98}, {""keyword"": ""newsletter software"", ""relationship_type"": ""lexical"", ""intent_stage"": ""commercial_investigation"", ""similarity_score"": 0.97}, {""keyword"": ""email campaign tool"", ""relationship_type"": ""lexical"", ""intent_stage"": ""commercial_investigation"", ""similarity_score"": 0.95}, {""keyword"": ""Listforge reviews"", ""relationship_type"": ""lexical"", ""intent_stage"": ""comparison"", ""similarity_score"": 0.93}, {""keyword"": ""email marketing software"", ""relationship_type"": ""lexical"", ""intent_stage"": ""commercial_investigation"", ""similarity_score"": 0.89}, {""keyword"": ""how to grow an email list"", ""relationship_type"": ""intent"", ""intent_stage"": ""informational"", ""similarity_score"": 0.79}, {""keyword"": ""audience segmentation"", ""relationship_type"": ""semantic"", ""intent_stage"": ""informational"", ""similarity_score"": 0.76}, {""keyword"": ""deliverability rate"", ""relationship_type"": ""semantic"", ""intent_stage"": ""informational"", ""similarity_score"": 0.75}, {""keyword"": ""automation workflow"", ""relationship_type"": ""semantic"", ""intent_stage"": ""informational"", ""similarity_score"": 0.73}, {""keyword"": ""email marketing platform pricing"", ""relationship_type"": ""intent"", ""intent_stage"": ""comparison"", ""similarity_score"": 0.66}, {""keyword"": ""best email marketing software"", ""relationship_type"": ""intent"", ""intent_stage"": ""comparison"", ""similarity_score"": 0.61}]"
Sequently,Email Marketing Software,Newsletter-first platform built for creators and publishers,Custom pricing,4.2,1654,Helpful pre-built automation recipes,Generous free tier for small lists,Good segmentation and behavioral trigger options,Easy integrations with major e-commerce platforms,Pricing scales quickly as list size grows,List cleaning/deduplication tools are basic,Growing companies that want strong automation as they scale,https://www.sequently.com,https://www.sequently.com/pricing,2026-07-05,51,Sequently pricing,A/B testing campaigns,email marketing platform pricing,"[{""keyword"": ""Sequently pricing"", ""relationship_type"": ""lexical"", ""intent_stage"": ""commercial_investigation"", ""similarity_score"": 0.94}, {""keyword"": ""email marketing software"", ""relationship_type"": ""lexical"", ""intent_stage"": ""commercial_investigation"", ""similarity_score"": 0.93}, {""keyword"": ""Sequently reviews"", ""relationship_type"": ""lexical"", ""intent_stage"": ""comparison"", ""similarity_score"": 0.93}, {""keyword"": ""email marketing platform"", ""relationship_type"": ""lexical"", ""intent_stage"": ""commercial_investigation"", ""similarity_score"": 0.9}, {""keyword"": ""newsletter software"", ""relationship_type"": ""lexical"", ""intent_stage"": ""commercial_investigation"", ""similarity_score"": 0.9}, {""keyword"": ""A/B testing campaigns"", ""relationship_type"": ""semantic"", ""intent_stage"": ""informational"", ""similarity_score"": 0.81}, {""keyword"": ""email marketing platform pricing"", ""relationship_type"": ""intent"", ""intent_stage"": ""comparison"", ""similarity_score"": 0.76}, {""keyword"": ""automation workflow"", ""relationship_type"": ""semantic"", ""intent_stage"": ""informational"", ""similarity_score"": 0.72}, {""keyword"": ""deliverability rate"", ""relationship_type"": ""semantic"", ""intent_stage"": ""informational"", ""similarity_score"": 0.64}, {""keyword"": ""best email marketing software"", ""relationship_type"": ""intent"", ""intent_stage"": ""comparison"", ""similarity_score"": 0.6}, {""keyword"": ""how to grow an email list"", ""relationship_type"": ""intent"", ""intent_stage"": ""informational"", ""similarity_score"": 0.59}]"
Openrate360,Email Marketing Software,Simple email tool for solopreneurs and side projects,$13/mo,4.9,1668,Easy integrations with major e-commerce platforms,Clean drag-and-drop editor with solid templates,Good segmentation and behavioral trigger options,Generous free tier for small lists,List cleaning/deduplication tools are basic,Advanced automation locked behind higher-tier plans,Organizations that need a polished user experience and strong integrations,https://www.openrate360.com,https://www.openrate360.com/pricing,2026-04-05,142,email marketing software,automation workflow,email marketing software for small business,"[{""keyword"": ""email marketing software"", ""relationship_type"": ""lexical"", ""intent_stage"": ""commercial_investigation"", ""similarity_score"": 0.96}, {""keyword"": ""Openrate360 reviews"", ""relationship_type"": ""lexical"", ""intent_stage"": ""comparison"", ""similarity_score"": 0.95}, {""keyword"": ""Openrate360 pricing"", ""relationship_type"": ""lexical"", ""intent_stage"": ""commercial_investigation"", ""similarity_score"": 0.91}, {""keyword"": ""email marketing platform"", ""relationship_type"": ""lexical"", ""intent_stage"": ""commercial_investigation"", ""similarity_score"": 0.89}, {""keyword"": ""email campaign tool"", ""relationship_type"": ""lexical"", ""intent_stage"": ""commercial_investigation"", ""similarity_score"": 0.89}, {""keyword"": ""automation workflow"", ""relationship_type"": ""semantic"", ""intent_stage"": ""informational"", ""similarity_score"": 0.8}, {""keyword"": ""email marketing software for small business"", ""relationship_type"": ""intent"", ""intent_stage"": ""commercial_investigation"", ""similarity_score"": 0.8}, {""keyword"": ""how to grow an email list"", ""relationship_type"": ""intent"", ""intent_stage"": ""informational"", ""similarity_score"": 0.78}, {""keyword"": ""deliverability rate"", ""relationship_type"": ""semantic"", ""intent_stage"": ""informational"", ""similarity_score"": 0.76}, {""keyword"": ""audience segmentation"", ""relationship_type"": ""semantic"", ""intent_stage"": ""informational"", ""similarity_score"": 0.7}, {""keyword"": ""best email marketing software"", ""relationship_type"": ""intent"", ""intent_stage"": ""comparison"", ""similarity_score"": 0.57}]"
Mailtrail,Email Marketing Software,Marketing automation platform with deep e-commerce integrations,$99/mo,4.3,572,Clean drag-and-drop editor with solid templates,Good segmentation and behavioral trigger options,Generous free tier for small lists,Easy integrations with major e-commerce platforms,Pricing scales quickly as list size grows,Advanced automation locked behind higher-tier plans,Growing companies that want enterprise-grade compliance as they scale,https://www.mailtrail.com,https://www.mailtrail.com/pricing,2026-05-16,101,email campaign tool,deliverability rate,email marketing platform pricing,"[{""keyword"": ""email campaign tool"", ""relationship_type"": ""lexical"", ""intent_stage"": ""commercial_investigation"", ""similarity_score"": 0.95}, {""keyword"": ""Mailtrail pricing"", ""relationship_type"": ""lexical"", ""intent_stage"": ""commercial_investigation"", ""similarity_score"": 0.92}, {""keyword"": ""Mailtrail reviews"", ""relationship_type"": ""lexical"", ""intent_stage"": ""comparison"", ""similarity_score"": 0.91}, {""keyword"": ""email marketing software"", ""relationship_type"": ""lexical"", ""intent_stage"": ""commercial_investigation"", ""similarity_score"": 0.9}, {""keyword"": ""email marketing platform"", ""relationship_type"": ""lexical"", ""intent_stage"": ""commercial_investigation"", ""similarity_score"": 0.9}, {""keyword"": ""deliverability rate"", ""relationship_type"": ""semantic"", ""intent_stage"": ""informational"", ""similarity_score"": 0.81}, {""keyword"": ""automation workflow"", ""relationship_type"": ""semantic"", ""intent_stage"": ""informational"", ""similarity_score"": 0.76}, {""keyword"": ""audience segmentation"", ""relationship_type"": ""semantic"", ""intent_stage"": ""informational"", ""similarity_score"": 0.73}, {""keyword"": ""email marketing platform pricing"", ""relationship_type"": ""intent"", ""intent_stage"": ""comparison"", ""similarity_score"": 0.62}, {""keyword"": ""best email marketing software"", ""relationship_type"": ""intent"", ""intent_stage"": ""comparison"", ""similarity_score"": 0.6}, {""keyword"": ""how to grow an email list"", ""relationship_type"": ""intent"", ""intent_stage"": ""informational"", ""similarity_score"": 0.58}]"
Signalbox,Email Marketing Software,Transactional plus marketing email in one platform,$13/mo,4.5,2271,Generous free tier for small lists,Clean drag-and-drop editor with solid templates,Detailed campaign analytics and A/B testing,Good segmentation and behavioral trigger options,Pricing scales quickly as list size grows,Template editor can feel restrictive for custom HTML,Organizations that need fast onboarding and strong integrations,https://www.signalbox.com,https://www.signalbox.com/pricing,2026-04-03,144,Signalbox pricing,automation workflow,best email marketing software,"[{""keyword"": ""Signalbox pricing"", ""relationship_type"": ""lexical"", ""intent_stage"": ""commercial_investigation"", ""similarity_score"": 0.98}, {""keyword"": ""Signalbox reviews"", ""relationship_type"": ""lexical"", ""intent_stage"": ""comparison"", ""similarity_score"": 0.95}, {""keyword"": ""email marketing platform"", ""relationship_type"": ""lexical"", ""intent_stage"": ""commercial_investigation"", ""similarity_score"": 0.91}, {""keyword"": ""newsletter software"", ""relationship_type"": ""lexical"", ""intent_stage"": ""commercial_investigation"", ""similarity_score"": 0.9}, {""keyword"": ""email campaign tool"", ""relationship_type"": ""lexical"", ""intent_stage"": ""commercial_investigation"", ""similarity_score"": 0.9}, {""keyword"": ""automation workflow"", ""relationship_type"": ""semantic"", ""intent_stage"": ""informational"", ""similarity_score"": 0.84}, {""keyword"": ""deliverability rate"", ""relationship_type"": ""semantic"", ""intent_stage"": ""informational"", ""similarity_score"": 0.83}, {""keyword"": ""audience segmentation"", ""relationship_type"": ""semantic"", ""intent_stage"": ""informational"", ""similarity_score"": 0.79}, {""keyword"": ""best email marketing software"", ""relationship_type"": ""intent"", ""intent_stage"": ""comparison"", ""similarity_score"": 0.78}, {""keyword"": ""email marketing platform pricing"", ""relationship_type"": ""intent"", ""intent_stage"": ""comparison"", ""similarity_score"": 0.75}, {""keyword"": ""how to grow an email list"", ""relationship_type"": ""intent"", ""intent_stage"": ""informational"", ""similarity_score"": 0.62}]"
Dispatchly,Email Marketing Software,Drag-and-drop email builder for small businesses,Custom pricing,4.9,943,Easy integrations with major e-commerce platforms,Detailed campaign analytics and A/B testing,Good segmentation and behavioral trigger options,Strong deliverability and inbox placement rates,List cleaning/deduplication tools are basic,Advanced automation locked behind higher-tier plans,Buyers who value fast onboarding more than rock-bottom pricing,https://www.dispatchly.com,https://www.dispatchly.com/pricing,2026-02-28,178,Dispatchly reviews,A/B testing campaigns,how to grow an email list,"[{""keyword"": ""Dispatchly reviews"", ""relationship_type"": ""lexical"", ""intent_stage"": ""comparison"", ""similarity_score"": 0.97}, {""keyword"": ""newsletter software"", ""relationship_type"": ""lexical"", ""intent_stage"": ""commercial_investigation"", ""similarity_score"": 0.95}, {""keyword"": ""email marketing software"", ""relationship_type"": ""lexical"", ""intent_stage"": ""commercial_investigation"", ""similarity_score"": 0.94}, {""keyword"": ""email campaign tool"", ""relationship_type"": ""lexical"", ""intent_stage"": ""commercial_investigation"", ""similarity_score"": 0.92}, {""keyword"": ""Dispatchly pricing"", ""relationship_type"": ""lexical"", ""intent_stage"": ""commercial_investigation"", ""similarity_score"": 0.91}, {""keyword"": ""how to grow an email list"", ""relationship_type"": ""intent"", ""intent_stage"": ""informational"", ""similarity_score"": 0.78}, {""keyword"": ""A/B testing campaigns"", ""relationship_type"": ""semantic"", ""intent_stage"": ""informational"", ""similarity_score"": 0.66}, {""keyword"": ""deliverability rate"", ""relationship_type"": ""semantic"", ""intent_stage"": ""informational"", ""similarity_score"": 0.63}, {""keyword"": ""automation workflow"", ""relationship_type"": ""semantic"", ""intent_stage"": ""informational"", ""similarity_score"": 0.63}, {""keyword"": ""email marketing platform pricing"", ""relationship_type"": ""intent"", ""intent_stage"": ""comparison"", ""similarity_score"": 0.6}, {""keyword"": ""email marketing software for small business"", ""relationship_type"": ""intent"", ""intent_stage"": ""commercial_investigation"", ""similarity_score"": 0.55}]"
Cadencemail,Email Marketing Software,Marketing automation platform with deep e-commerce integrations,$20/mo,4.6,1370,Clean drag-and-drop editor with solid templates,Generous free tier for small lists,Strong deliverability and inbox placement rates,Easy integrations with major e-commerce platforms,Advanced automation locked behind higher-tier plans,Template editor can feel restrictive for custom HTML,Small teams prioritizing strong automation over deep customization,https://www.cadencemail.com,https://www.cadencemail.com/pricing,2026-05-22,95,email marketing software,deliverability rate,how to grow an email list,"[{""keyword"": ""email marketing software"", ""relationship_type"": ""lexical"", ""intent_stage"": ""commercial_investigation"", ""similarity_score"": 0.98}, {""keyword"": ""Cadencemail pricing"", ""relationship_type"": ""lexical"", ""intent_stage"": ""commercial_investigation"", ""similarity_score"": 0.97}, {""keyword"": ""Cadencemail reviews"", ""relationship_type"": ""lexical"", ""intent_stage"": ""comparison"", ""similarity_score"": 0.92}, {""keyword"": ""email campaign tool"", ""relationship_type"": ""lexical"", ""intent_stage"": ""commercial_investigation"", ""similarity_score"": 0.91}, {""keyword"": ""newsletter software"", ""relationship_type"": ""lexical"", ""intent_stage"": ""commercial_investigation"", ""similarity_score"": 0.91}, {""keyword"": ""deliverability rate"", ""relationship_type"": ""semantic"", ""intent_stage"": ""informational"", ""similarity_score"": 0.83}, {""keyword"": ""automation workflow"", ""relationship_type"": ""semantic"", ""intent_stage"": ""informational"", ""similarity_score"": 0.77}, {""keyword"": ""how to grow an email list"", ""relationship_type"": ""intent"", ""intent_stage"": ""informational"", ""similarity_score"": 0.73}, {""keyword"": ""A/B testing campaigns"", ""relationship_type"": ""semantic"", ""intent_stage"": ""informational"", ""similarity_score"": 0.66}, {""keyword"": ""best email marketing software"", ""relationship_type"": ""intent"", ""intent_stage"": ""comparison"", ""similarity_score"": 0.64}, {""keyword"": ""email marketing platform pricing"", ""relationship_type"": ""intent"", ""intent_stage"": ""comparison"", ""similarity_score"": 0.62}]"
Inbound Loop,Email Marketing Software,Marketing automation platform with deep e-commerce integrations,$99/mo,3.9,2920,Easy integrations with major e-commerce platforms,Detailed campaign analytics and A/B testing,Generous free tier for small lists,Clean drag-and-drop editor with solid templates,List cleaning/deduplication tools are basic,Template editor can feel restrictive for custom HTML,Small teams prioritizing great support over deep customization,https://www.inboundloop.com,https://www.inboundloop.com/pricing,2026-03-15,163,Inbound Loop reviews,audience segmentation,how to grow an email list,"[{""keyword"": ""Inbound Loop reviews"", ""relationship_type"": ""lexical"", ""intent_stage"": ""comparison"", ""similarity_score"": 0.94}, {""keyword"": ""Inbound Loop pricing"", ""relationship_type"": ""lexical"", ""intent_stage"": ""commercial_investigation"", ""similarity_score"": 0.93}, {""keyword"": ""email marketing software"", ""relationship_type"": ""lexical"", ""intent_stage"": ""commercial_investigation"", ""similarity_score"": 0.91}, {""keyword"": ""email campaign tool"", ""relationship_type"": ""lexical"", ""intent_stage"": ""commercial_investigation"", ""similarity_score"": 0.91}, {""keyword"": ""email marketing platform"", ""relationship_type"": ""lexical"", ""intent_stage"": ""commercial_investigation"", ""similarity_score"": 0.89}, {""keyword"": ""how to grow an email list"", ""relationship_type"": ""intent"", ""intent_stage"": ""informational"", ""similarity_score"": 0.75}, {""keyword"": ""email marketing software for small business"", ""relationship_type"": ""intent"", ""intent_stage"": ""commercial_investigation"", ""similarity_score"": 0.73}, {""keyword"": ""audience segmentation"", ""relationship_type"": ""semantic"", ""intent_stage"": ""informational"", ""similarity_score"": 0.72}, {""keyword"": ""deliverability rate"", ""relationship_type"": ""semantic"", ""intent_stage"": ""informational"", ""similarity_score"": 0.68}, {""keyword"": ""automation workflow"", ""relationship_type"": ""semantic"", ""intent_stage"": ""informational"", ""similarity_score"": 0.67}, {""keyword"": ""best email marketing software"", ""relationship_type"": ""intent"", ""intent_stage"": ""comparison"", ""similarity_score"": 0.56}]"
Sparkline Mail,Email Marketing Software,Enterprise email marketing with advanced segmentation,$99/mo,4.3,726,Detailed campaign analytics and A/B testing,Generous free tier for small lists,Helpful pre-built automation recipes,Good segmentation and behavioral trigger options,Pricing scales quickly as list size grows,Advanced automation locked behind higher-tier plans,Organizations that need great support and strong integrations,https://www.sparklinemail.com,https://www.sparklinemail.com/pricing,2026-07-15,41,newsletter software,audience segmentation,best email marketing software,"[{""keyword"": ""newsletter software"", ""relationship_type"": ""lexical"", ""intent_stage"": ""commercial_investigation"", ""similarity_score"": 0.98}, {""keyword"": ""email campaign tool"", ""relationship_type"": ""lexical"", ""intent_stage"": ""commercial_investigation"", ""similarity_score"": 0.91}, {""keyword"": ""email marketing software"", ""relationship_type"": ""lexical"", ""intent_stage"": ""commercial_investigation"", ""similarity_score"": 0.91}, {""keyword"": ""Sparkline Mail pricing"", ""relationship_type"": ""lexical"", ""intent_stage"": ""commercial_investigation"", ""similarity_score"": 0.91}, {""keyword"": ""Sparkline Mail reviews"", ""relationship_type"": ""lexical"", ""intent_stage"": ""comparison"", ""similarity_score"": 0.9}, {""keyword"": ""audience segmentation"", ""relationship_type"": ""semantic"", ""intent_stage"": ""informational"", ""similarity_score"": 0.82}, {""keyword"": ""A/B testing campaigns"", ""relationship_type"": ""semantic"", ""intent_stage"": ""informational"", ""similarity_score"": 0.74}, {""keyword"": ""best email marketing software"", ""relationship_type"": ""intent"", ""intent_stage"": ""comparison"", ""similarity_score"": 0.71}, {""keyword"": ""how to grow an email list"", ""relationship_type"": ""intent"", ""intent_stage"": ""informational"", ""similarity_score"": 0.7}, {""keyword"": ""email marketing platform pricing"", ""relationship_type"": ""intent"", ""intent_stage"": ""comparison"", ""similarity_score"": 0.66}, {""keyword"": ""deliverability rate"", ""relationship_type"": ""semantic"", ""intent_stage"": ""informational"", ""similarity_score"": 0.64}]"
